<?xml version="1.0" encoding="UTF-8"?>
<gpx xmlns="http://www.topografix.com/GPX/1/1" xmlns:xsi="http://www.w3.org/2001/XMLSchema-instance" creator="REVER https://a.rever.co" version="1.1" xsi:schemaLocation="http://www.topografix.com/GPX/1/1 http://www.topografix.com/GPX/1/1/gpx.xsd">
  <metadata>
    <name>delicate arch</name>
    <author>
      <name>Lee Carmichael</name>
    </author>
    <link href="https://a.rever.co/embed/"/>
  </metadata>
  <wpt lat="38.57327" lon="-109.55079">
    <name>Moab, Utah, United States</name>
  </wpt>
  <wpt lat="38.73284" lon="-109.50214">
    <name>Moab, Utah, United States</name>
  </wpt>
  <wpt lat="38.57327" lon="-109.55079">
    <name>Moab, Utah, United States</name>
  </wpt>
  <trk>
    <name>delicate arch</name>
    <link href="https://a.rever.co/embed/"/>
    <type>Ride</type>
    <trkseg>
      <trkpt lat="38.57327" lon="-109.55079"/>
      <trkpt lat="38.57341" lon="-109.55079"/>
      <trkpt lat="38.5737" lon="-109.55078"/>
      <trkpt lat="38.57443" lon="-109.55077"/>
      <trkpt lat="38.57472" lon="-109.55077"/>
      <trkpt lat="38.57482" lon="-109.55077"/>
      <trkpt lat="38.57494" lon="-109.55077"/>
      <trkpt lat="38.57524" lon="-109.55076"/>
      <trkpt lat="38.57598" lon="-109.55075"/>
      <trkpt lat="38.57616" lon="-109.55075"/>
      <trkpt lat="38.57626" lon="-109.55075"/>
      <trkpt lat="38.57638" lon="-109.55075"/>
      <trkpt lat="38.57647" lon="-109.55075"/>
      <trkpt lat="38.57677" lon="-109.55074"/>
      <trkpt lat="38.57681" lon="-109.55074"/>
      <trkpt lat="38.57699" lon="-109.55074"/>
      <trkpt lat="38.57731" lon="-109.55074"/>
      <trkpt lat="38.57776" lon="-109.55074"/>
      <trkpt lat="38.57813" lon="-109.55073"/>
      <trkpt lat="38.57836" lon="-109.55074"/>
      <trkpt lat="38.57859" lon="-109.55076"/>
      <trkpt lat="38.57882" lon="-109.55078"/>
      <trkpt lat="38.57889" lon="-109.55079"/>
      <trkpt lat="38.57905" lon="-109.55082"/>
      <trkpt lat="38.57927" lon="-109.55087"/>
      <trkpt lat="38.57947" lon="-109.55092"/>
      <trkpt lat="38.57963" lon="-109.55096"/>
      <trkpt lat="38.57965" lon="-109.55097"/>
      <trkpt lat="38.57984" lon="-109.55103"/>
      <trkpt lat="38.58002" lon="-109.5511"/>
      <trkpt lat="38.58014" lon="-109.55115"/>
      <trkpt lat="38.5802" lon="-109.55118"/>
      <trkpt lat="38.5803" lon="-109.55122"/>
      <trkpt lat="38.58039" lon="-109.55127"/>
      <trkpt lat="38.58057" lon="-109.55136"/>
      <trkpt lat="38.58058" lon="-109.55137"/>
      <trkpt lat="38.58079" lon="-109.55148"/>
      <trkpt lat="38.58099" lon="-109.5516"/>
      <trkpt lat="38.58118" lon="-109.55174"/>
      <trkpt lat="38.58138" lon="-109.55188"/>
      <trkpt lat="38.58163" lon="-109.55208"/>
      <trkpt lat="38.58175" lon="-109.55218"/>
      <trkpt lat="38.58186" lon="-109.55229"/>
      <trkpt lat="38.58204" lon="-109.55246"/>
      <trkpt lat="38.58219" lon="-109.55262"/>
      <trkpt lat="38.58219" lon="-109.55262"/>
      <trkpt lat="38.58221" lon="-109.55264"/>
      <trkpt lat="38.58237" lon="-109.55282"/>
      <trkpt lat="38.58242" lon="-109.55288"/>
      <trkpt lat="38.58251" lon="-109.55299"/>
      <trkpt lat="38.58252" lon="-109.553"/>
      <trkpt lat="38.58252" lon="-109.553"/>
      <trkpt lat="38.58282" lon="-109.55337"/>
      <trkpt lat="38.58282" lon="-109.55337"/>
      <trkpt lat="38.5829" lon="-109.55347"/>
      <trkpt lat="38.58299" lon="-109.55358"/>
      <trkpt lat="38.58367" lon="-109.55442"/>
      <trkpt lat="38.58405" lon="-109.55488"/>
      <trkpt lat="38.58441" lon="-109.55534"/>
      <trkpt lat="38.58584" lon="-109.55714"/>
      <trkpt lat="38.58703" lon="-109.55862"/>
      <trkpt lat="38.58704" lon="-109.55864"/>
      <trkpt lat="38.58718" lon="-109.55881"/>
      <trkpt lat="38.58726" lon="-109.55891"/>
      <trkpt lat="38.58772" lon="-109.55948"/>
      <trkpt lat="38.58784" lon="-109.55963"/>
      <trkpt lat="38.58821" lon="-109.5601"/>
      <trkpt lat="38.58836" lon="-109.56028"/>
      <trkpt lat="38.58848" lon="-109.56043"/>
      <trkpt lat="38.58867" lon="-109.56067"/>
      <trkpt lat="38.58877" lon="-109.56079"/>
      <trkpt lat="38.58898" lon="-109.56106"/>
      <trkpt lat="38.58908" lon="-109.56117"/>
      <trkpt lat="38.58962" lon="-109.5618"/>
      <trkpt lat="38.58986" lon="-109.56202"/>
      <trkpt lat="38.59008" lon="-109.56224"/>
      <trkpt lat="38.5903" lon="-109.56245"/>
      <trkpt lat="38.59038" lon="-109.56252"/>
      <trkpt lat="38.59069" lon="-109.5628"/>
      <trkpt lat="38.59073" lon="-109.56283"/>
      <trkpt lat="38.59112" lon="-109.5632"/>
      <trkpt lat="38.59199" lon="-109.56405"/>
      <trkpt lat="38.59225" lon="-109.56433"/>
      <trkpt lat="38.59241" lon="-109.5645"/>
      <trkpt lat="38.59273" lon="-109.5649"/>
      <trkpt lat="38.59295" lon="-109.5652"/>
      <trkpt lat="38.59341" lon="-109.56586"/>
      <trkpt lat="38.59409" lon="-109.56682"/>
      <trkpt lat="38.59426" lon="-109.56707"/>
      <trkpt lat="38.59532" lon="-109.56856"/>
      <trkpt lat="38.59539" lon="-109.56867"/>
      <trkpt lat="38.59626" lon="-109.5699"/>
      <trkpt lat="38.59757" lon="-109.57177"/>
      <trkpt lat="38.59777" lon="-109.57203"/>
      <trkpt lat="38.59803" lon="-109.57234"/>
      <trkpt lat="38.59829" lon="-109.57263"/>
      <trkpt lat="38.59854" lon="-109.57287"/>
      <trkpt lat="38.59878" lon="-109.5731"/>
      <trkpt lat="38.59879" lon="-109.57311"/>
      <trkpt lat="38.59911" lon="-109.57341"/>
      <trkpt lat="38.59973" lon="-109.574"/>
      <trkpt lat="38.60012" lon="-109.57437"/>
      <trkpt lat="38.60035" lon="-109.57458"/>
      <trkpt lat="38.60086" lon="-109.57511"/>
      <trkpt lat="38.60093" lon="-109.57519"/>
      <trkpt lat="38.60096" lon="-109.57522"/>
      <trkpt lat="38.60104" lon="-109.5753"/>
      <trkpt lat="38.60157" lon="-109.57578"/>
      <trkpt lat="38.60175" lon="-109.57596"/>
      <trkpt lat="38.60212" lon="-109.57633"/>
      <trkpt lat="38.60226" lon="-109.57637"/>
      <trkpt lat="38.60268" lon="-109.57676"/>
      <trkpt lat="38.60278" lon="-109.57685"/>
      <trkpt lat="38.60509" lon="-109.57907"/>
      <trkpt lat="38.60509" lon="-109.57907"/>
      <trkpt lat="38.60514" lon="-109.57912"/>
      <trkpt lat="38.60525" lon="-109.57923"/>
      <trkpt lat="38.60542" lon="-109.57941"/>
      <trkpt lat="38.60555" lon="-109.57953"/>
      <trkpt lat="38.60575" lon="-109.57973"/>
      <trkpt lat="38.60588" lon="-109.57989"/>
      <trkpt lat="38.60593" lon="-109.58003"/>
      <trkpt lat="38.60613" lon="-109.58033"/>
      <trkpt lat="38.60628" lon="-109.58064"/>
      <trkpt lat="38.60641" lon="-109.58098"/>
      <trkpt lat="38.6065" lon="-109.58121"/>
      <trkpt lat="38.60658" lon="-109.5815"/>
      <trkpt lat="38.60662" lon="-109.58171"/>
      <trkpt lat="38.60666" lon="-109.58198"/>
      <trkpt lat="38.60667" lon="-109.58219"/>
      <trkpt lat="38.60667" lon="-109.58245"/>
      <trkpt lat="38.60667" lon="-109.58269"/>
      <trkpt lat="38.60666" lon="-109.58328"/>
      <trkpt lat="38.60663" lon="-109.58409"/>
      <trkpt lat="38.60662" lon="-109.58438"/>
      <trkpt lat="38.60661" lon="-109.5848"/>
      <trkpt lat="38.6066" lon="-109.5852"/>
      <trkpt lat="38.60658" lon="-109.58584"/>
      <trkpt lat="38.60654" lon="-109.58644"/>
      <trkpt lat="38.60652" lon="-109.58665"/>
      <trkpt lat="38.60649" lon="-109.58688"/>
      <trkpt lat="38.60647" lon="-109.58708"/>
      <trkpt lat="38.60642" lon="-109.58748"/>
      <trkpt lat="38.60636" lon="-109.58787"/>
      <trkpt lat="38.60633" lon="-109.58805"/>
      <trkpt lat="38.60623" lon="-109.58869"/>
      <trkpt lat="38.60612" lon="-109.58935"/>
      <trkpt lat="38.60596" lon="-109.59038"/>
      <trkpt lat="38.60588" lon="-109.59101"/>
      <trkpt lat="38.6058" lon="-109.5916"/>
      <trkpt lat="38.60555" lon="-109.59326"/>
      <trkpt lat="38.60537" lon="-109.59441"/>
      <trkpt lat="38.60523" lon="-109.59541"/>
      <trkpt lat="38.60507" lon="-109.59637"/>
      <trkpt lat="38.60502" lon="-109.59681"/>
      <trkpt lat="38.60501" lon="-109.59712"/>
      <trkpt lat="38.605" lon="-109.59741"/>
      <trkpt lat="38.605" lon="-109.59775"/>
      <trkpt lat="38.60501" lon="-109.59805"/>
      <trkpt lat="38.60503" lon="-109.59839"/>
      <trkpt lat="38.60506" lon="-109.59878"/>
      <trkpt lat="38.60511" lon="-109.59918"/>
      <trkpt lat="38.60517" lon="-109.59946"/>
      <trkpt lat="38.60523" lon="-109.59974"/>
      <trkpt lat="38.60531" lon="-109.60005"/>
      <trkpt lat="38.6054" lon="-109.60041"/>
      <trkpt lat="38.60548" lon="-109.60063"/>
      <trkpt lat="38.60557" lon="-109.6009"/>
      <trkpt lat="38.60567" lon="-109.60113"/>
      <trkpt lat="38.60577" lon="-109.60139"/>
      <trkpt lat="38.6059" lon="-109.60167"/>
      <trkpt lat="38.60616" lon="-109.60216"/>
      <trkpt lat="38.60637" lon="-109.60251"/>
      <trkpt lat="38.60662" lon="-109.60287"/>
      <trkpt lat="38.60703" lon="-109.60339"/>
      <trkpt lat="38.60754" lon="-109.60404"/>
      <trkpt lat="38.60785" lon="-109.60443"/>
      <trkpt lat="38.60819" lon="-109.60481"/>
      <trkpt lat="38.6084" lon="-109.60507"/>
      <trkpt lat="38.60905" lon="-109.60582"/>
      <trkpt lat="38.60909" lon="-109.60587"/>
      <trkpt lat="38.6094" lon="-109.60625"/>
      <trkpt lat="38.60996" lon="-109.60694"/>
      <trkpt lat="38.61023" lon="-109.60727"/>
      <trkpt lat="38.61038" lon="-109.60746"/>
      <trkpt lat="38.61039" lon="-109.60747"/>
      <trkpt lat="38.61073" lon="-109.60789"/>
      <trkpt lat="38.61074" lon="-109.6079"/>
      <trkpt lat="38.61081" lon="-109.60793"/>
      <trkpt lat="38.61089" lon="-109.60803"/>
      <trkpt lat="38.61101" lon="-109.60818"/>
      <trkpt lat="38.61106" lon="-109.60811"/>
      <trkpt lat="38.61122" lon="-109.60793"/>
      <trkpt lat="38.61125" lon="-109.6079"/>
      <trkpt lat="38.61128" lon="-109.60788"/>
      <trkpt lat="38.61132" lon="-109.60784"/>
      <trkpt lat="38.61137" lon="-109.60782"/>
      <trkpt lat="38.61144" lon="-109.60779"/>
      <trkpt lat="38.61153" lon="-109.60778"/>
      <trkpt lat="38.6116" lon="-109.60778"/>
      <trkpt lat="38.61167" lon="-109.6078"/>
      <trkpt lat="38.61173" lon="-109.60782"/>
      <trkpt lat="38.61178" lon="-109.60785"/>
      <trkpt lat="38.61183" lon="-109.60788"/>
      <trkpt lat="38.61187" lon="-109.60793"/>
      <trkpt lat="38.61191" lon="-109.60798"/>
      <trkpt lat="38.61194" lon="-109.60803"/>
      <trkpt lat="38.61195" lon="-109.60808"/>
      <trkpt lat="38.61199" lon="-109.60815"/>
      <trkpt lat="38.61223" lon="-109.60872"/>
      <trkpt lat="38.61233" lon="-109.60896"/>
      <trkpt lat="38.61243" lon="-109.60912"/>
      <trkpt lat="38.61336" lon="-109.61031"/>
      <trkpt lat="38.61358" lon="-109.61059"/>
      <trkpt lat="38.61382" lon="-109.61091"/>
      <trkpt lat="38.61431" lon="-109.61151"/>
      <trkpt lat="38.61475" lon="-109.61209"/>
      <trkpt lat="38.61497" lon="-109.61247"/>
      <trkpt lat="38.61533" lon="-109.61317"/>
      <trkpt lat="38.61574" lon="-109.61391"/>
      <trkpt lat="38.61575" lon="-109.61394"/>
      <trkpt lat="38.61603" lon="-109.61447"/>
      <trkpt lat="38.61614" lon="-109.6147"/>
      <trkpt lat="38.61646" lon="-109.61543"/>
      <trkpt lat="38.61647" lon="-109.61547"/>
      <trkpt lat="38.61648" lon="-109.61553"/>
      <trkpt lat="38.61651" lon="-109.61569"/>
      <trkpt lat="38.61652" lon="-109.61578"/>
      <trkpt lat="38.61653" lon="-109.61586"/>
      <trkpt lat="38.61654" lon="-109.61621"/>
      <trkpt lat="38.61654" lon="-109.61634"/>
      <trkpt lat="38.61654" lon="-109.6165"/>
      <trkpt lat="38.61655" lon="-109.61658"/>
      <trkpt lat="38.61657" lon="-109.61686"/>
      <trkpt lat="38.61656" lon="-109.61701"/>
      <trkpt lat="38.61656" lon="-109.61707"/>
      <trkpt lat="38.61657" lon="-109.61714"/>
      <trkpt lat="38.6166" lon="-109.61724"/>
      <trkpt lat="38.61662" lon="-109.61727"/>
      <trkpt lat="38.61663" lon="-109.61731"/>
      <trkpt lat="38.61663" lon="-109.61735"/>
      <trkpt lat="38.61663" lon="-109.61739"/>
      <trkpt lat="38.61661" lon="-109.61742"/>
      <trkpt lat="38.61658" lon="-109.61751"/>
      <trkpt lat="38.61656" lon="-109.61758"/>
      <trkpt lat="38.61655" lon="-109.61767"/>
      <trkpt lat="38.61652" lon="-109.61789"/>
      <trkpt lat="38.61649" lon="-109.61808"/>
      <trkpt lat="38.61647" lon="-109.61822"/>
      <trkpt lat="38.61646" lon="-109.61826"/>
      <trkpt lat="38.61644" lon="-109.61838"/>
      <trkpt lat="38.61641" lon="-109.61853"/>
      <trkpt lat="38.61635" lon="-109.61874"/>
      <trkpt lat="38.61635" lon="-109.61876"/>
      <trkpt lat="38.61625" lon="-109.61906"/>
      <trkpt lat="38.61617" lon="-109.61926"/>
      <trkpt lat="38.61608" lon="-109.6195"/>
      <trkpt lat="38.61596" lon="-109.6198"/>
      <trkpt lat="38.61589" lon="-109.61996"/>
      <trkpt lat="38.61582" lon="-109.62011"/>
      <trkpt lat="38.61572" lon="-109.62033"/>
      <trkpt lat="38.61553" lon="-109.62076"/>
      <trkpt lat="38.6155" lon="-109.62083"/>
      <trkpt lat="38.61547" lon="-109.62093"/>
      <trkpt lat="38.61545" lon="-109.62103"/>
      <trkpt lat="38.61544" lon="-109.62112"/>
      <trkpt lat="38.61544" lon="-109.62123"/>
      <trkpt lat="38.61544" lon="-109.62133"/>
      <trkpt lat="38.61546" lon="-109.62141"/>
      <trkpt lat="38.61549" lon="-109.62152"/>
      <trkpt lat="38.61552" lon="-109.62159"/>
      <trkpt lat="38.61556" lon="-109.62167"/>
      <trkpt lat="38.61561" lon="-109.62173"/>
      <trkpt lat="38.61568" lon="-109.62182"/>
      <trkpt lat="38.61576" lon="-109.62188"/>
      <trkpt lat="38.61585" lon="-109.62194"/>
      <trkpt lat="38.61593" lon="-109.62197"/>
      <trkpt lat="38.61602" lon="-109.62199"/>
      <trkpt lat="38.61611" lon="-109.622"/>
      <trkpt lat="38.6162" lon="-109.62201"/>
      <trkpt lat="38.61634" lon="-109.622"/>
      <trkpt lat="38.61656" lon="-109.62196"/>
      <trkpt lat="38.61672" lon="-109.62192"/>
      <trkpt lat="38.61686" lon="-109.62188"/>
      <trkpt lat="38.6172" lon="-109.62173"/>
      <trkpt lat="38.61744" lon="-109.62161"/>
      <trkpt lat="38.61773" lon="-109.62144"/>
      <trkpt lat="38.61791" lon="-109.62131"/>
      <trkpt lat="38.61804" lon="-109.62119"/>
      <trkpt lat="38.61812" lon="-109.62109"/>
      <trkpt lat="38.61824" lon="-109.6209"/>
      <trkpt lat="38.61837" lon="-109.62067"/>
      <trkpt lat="38.61847" lon="-109.62045"/>
      <trkpt lat="38.61857" lon="-109.6202"/>
      <trkpt lat="38.61865" lon="-109.61997"/>
      <trkpt lat="38.61872" lon="-109.61972"/>
      <trkpt lat="38.61875" lon="-109.61952"/>
      <trkpt lat="38.61877" lon="-109.61937"/>
      <trkpt lat="38.61877" lon="-109.61915"/>
      <trkpt lat="38.61875" lon="-109.61902"/>
      <trkpt lat="38.61872" lon="-109.61892"/>
      <trkpt lat="38.61868" lon="-109.6188"/>
      <trkpt lat="38.61855" lon="-109.61852"/>
      <trkpt lat="38.61849" lon="-109.61838"/>
      <trkpt lat="38.61846" lon="-109.61829"/>
      <trkpt lat="38.61843" lon="-109.61819"/>
      <trkpt lat="38.61837" lon="-109.61795"/>
      <trkpt lat="38.61836" lon="-109.61785"/>
      <trkpt lat="38.61836" lon="-109.61785"/>
      <trkpt lat="38.61836" lon="-109.61777"/>
      <trkpt lat="38.61837" lon="-109.61765"/>
      <trkpt lat="38.61839" lon="-109.61755"/>
      <trkpt lat="38.61846" lon="-109.61736"/>
      <trkpt lat="38.61852" lon="-109.61724"/>
      <trkpt lat="38.61857" lon="-109.6171"/>
      <trkpt lat="38.61863" lon="-109.61696"/>
      <trkpt lat="38.61867" lon="-109.61684"/>
      <trkpt lat="38.61869" lon="-109.61673"/>
      <trkpt lat="38.6187" lon="-109.61666"/>
      <trkpt lat="38.6187" lon="-109.61659"/>
      <trkpt lat="38.61869" lon="-109.61648"/>
      <trkpt lat="38.61867" lon="-109.61598"/>
      <trkpt lat="38.61866" lon="-109.61573"/>
      <trkpt lat="38.61867" lon="-109.61567"/>
      <trkpt lat="38.61868" lon="-109.61561"/>
      <trkpt lat="38.61871" lon="-109.61555"/>
      <trkpt lat="38.61874" lon="-109.6155"/>
      <trkpt lat="38.61879" lon="-109.61546"/>
      <trkpt lat="38.61885" lon="-109.61544"/>
      <trkpt lat="38.61888" lon="-109.61543"/>
      <trkpt lat="38.61893" lon="-109.61543"/>
      <trkpt lat="38.61897" lon="-109.61543"/>
      <trkpt lat="38.61901" lon="-109.61545"/>
      <trkpt lat="38.61905" lon="-109.61549"/>
      <trkpt lat="38.61907" lon="-109.61552"/>
      <trkpt lat="38.61909" lon="-109.61555"/>
      <trkpt lat="38.61911" lon="-109.61559"/>
      <trkpt lat="38.61912" lon="-109.61565"/>
      <trkpt lat="38.61913" lon="-109.61571"/>
      <trkpt lat="38.61913" lon="-109.6158"/>
      <trkpt lat="38.61911" lon="-109.61599"/>
      <trkpt lat="38.61905" lon="-109.61658"/>
      <trkpt lat="38.61899" lon="-109.61724"/>
      <trkpt lat="38.61898" lon="-109.61737"/>
      <trkpt lat="38.61899" lon="-109.61743"/>
      <trkpt lat="38.619" lon="-109.61747"/>
      <trkpt lat="38.61902" lon="-109.61752"/>
      <trkpt lat="38.61904" lon="-109.61755"/>
      <trkpt lat="38.61907" lon="-109.6176"/>
      <trkpt lat="38.6191" lon="-109.61763"/>
      <trkpt lat="38.61914" lon="-109.61765"/>
      <trkpt lat="38.61918" lon="-109.61767"/>
      <trkpt lat="38.61922" lon="-109.61767"/>
      <trkpt lat="38.61927" lon="-109.61766"/>
      <trkpt lat="38.61931" lon="-109.61765"/>
      <trkpt lat="38.61934" lon="-109.61762"/>
      <trkpt lat="38.61937" lon="-109.6176"/>
      <trkpt lat="38.61939" lon="-109.61757"/>
      <trkpt lat="38.61941" lon="-109.61754"/>
      <trkpt lat="38.61943" lon="-109.61751"/>
      <trkpt lat="38.61945" lon="-109.61747"/>
      <trkpt lat="38.61946" lon="-109.61741"/>
      <trkpt lat="38.61947" lon="-109.61737"/>
      <trkpt lat="38.61947" lon="-109.61729"/>
      <trkpt lat="38.61945" lon="-109.61719"/>
      <trkpt lat="38.61943" lon="-109.61708"/>
      <trkpt lat="38.61938" lon="-109.61694"/>
      <trkpt lat="38.61935" lon="-109.61678"/>
      <trkpt lat="38.61934" lon="-109.61665"/>
      <trkpt lat="38.61933" lon="-109.61652"/>
      <trkpt lat="38.61935" lon="-109.6164"/>
      <trkpt lat="38.61938" lon="-109.61621"/>
      <trkpt lat="38.61945" lon="-109.61592"/>
      <trkpt lat="38.61951" lon="-109.61565"/>
      <trkpt lat="38.61955" lon="-109.61548"/>
      <trkpt lat="38.61957" lon="-109.6153"/>
      <trkpt lat="38.61957" lon="-109.61511"/>
      <trkpt lat="38.61957" lon="-109.61499"/>
      <trkpt lat="38.61956" lon="-109.61486"/>
      <trkpt lat="38.61953" lon="-109.61469"/>
      <trkpt lat="38.6195" lon="-109.61453"/>
      <trkpt lat="38.61945" lon="-109.61438"/>
      <trkpt lat="38.61941" lon="-109.61426"/>
      <trkpt lat="38.61938" lon="-109.61417"/>
      <trkpt lat="38.6193" lon="-109.614"/>
      <trkpt lat="38.61911" lon="-109.61357"/>
      <trkpt lat="38.61896" lon="-109.61324"/>
      <trkpt lat="38.61884" lon="-109.61293"/>
      <trkpt lat="38.61876" lon="-109.61268"/>
      <trkpt lat="38.61867" lon="-109.61236"/>
      <trkpt lat="38.61861" lon="-109.61209"/>
      <trkpt lat="38.61853" lon="-109.61179"/>
      <trkpt lat="38.61843" lon="-109.61147"/>
      <trkpt lat="38.61828" lon="-109.61111"/>
      <trkpt lat="38.61822" lon="-109.61096"/>
      <trkpt lat="38.61809" lon="-109.61064"/>
      <trkpt lat="38.618" lon="-109.61041"/>
      <trkpt lat="38.61793" lon="-109.61015"/>
      <trkpt lat="38.61793" lon="-109.61013"/>
      <trkpt lat="38.61787" lon="-109.60991"/>
      <trkpt lat="38.61781" lon="-109.60968"/>
      <trkpt lat="38.61777" lon="-109.6095"/>
      <trkpt lat="38.61771" lon="-109.60919"/>
      <trkpt lat="38.61768" lon="-109.60898"/>
      <trkpt lat="38.61765" lon="-109.60872"/>
      <trkpt lat="38.61762" lon="-109.60837"/>
      <trkpt lat="38.61761" lon="-109.60799"/>
      <trkpt lat="38.61758" lon="-109.6072"/>
      <trkpt lat="38.61756" lon="-109.60672"/>
      <trkpt lat="38.61756" lon="-109.60649"/>
      <trkpt lat="38.61757" lon="-109.60625"/>
      <trkpt lat="38.6176" lon="-109.60607"/>
      <trkpt lat="38.61764" lon="-109.60595"/>
      <trkpt lat="38.61768" lon="-109.60583"/>
      <trkpt lat="38.61775" lon="-109.60574"/>
      <trkpt lat="38.61779" lon="-109.60569"/>
      <trkpt lat="38.61784" lon="-109.60565"/>
      <trkpt lat="38.61788" lon="-109.60562"/>
      <trkpt lat="38.61792" lon="-109.60558"/>
      <trkpt lat="38.61796" lon="-109.60556"/>
      <trkpt lat="38.618" lon="-109.60555"/>
      <trkpt lat="38.61804" lon="-109.60553"/>
      <trkpt lat="38.61811" lon="-109.60551"/>
      <trkpt lat="38.61819" lon="-109.60551"/>
      <trkpt lat="38.61828" lon="-109.60551"/>
      <trkpt lat="38.61839" lon="-109.60553"/>
      <trkpt lat="38.61845" lon="-109.60557"/>
      <trkpt lat="38.61854" lon="-109.60562"/>
      <trkpt lat="38.61896" lon="-109.606"/>
      <trkpt lat="38.61906" lon="-109.60607"/>
      <trkpt lat="38.61914" lon="-109.60614"/>
      <trkpt lat="38.61925" lon="-109.6062"/>
      <trkpt lat="38.61935" lon="-109.60624"/>
      <trkpt lat="38.61946" lon="-109.60626"/>
      <trkpt lat="38.61957" lon="-109.60625"/>
      <trkpt lat="38.61967" lon="-109.60622"/>
      <trkpt lat="38.61975" lon="-109.60617"/>
      <trkpt lat="38.61983" lon="-109.60612"/>
      <trkpt lat="38.6199" lon="-109.60604"/>
      <trkpt lat="38.61999" lon="-109.60592"/>
      <trkpt lat="38.62004" lon="-109.60581"/>
      <trkpt lat="38.62007" lon="-109.60571"/>
      <trkpt lat="38.62011" lon="-109.60557"/>
      <trkpt lat="38.62012" lon="-109.60542"/>
      <trkpt lat="38.62011" lon="-109.60527"/>
      <trkpt lat="38.62007" lon="-109.6051"/>
      <trkpt lat="38.62003" lon="-109.60495"/>
      <trkpt lat="38.61999" lon="-109.6048"/>
      <trkpt lat="38.61989" lon="-109.60448"/>
      <trkpt lat="38.61982" lon="-109.60423"/>
      <trkpt lat="38.61976" lon="-109.60395"/>
      <trkpt lat="38.61973" lon="-109.60374"/>
      <trkpt lat="38.61972" lon="-109.60351"/>
      <trkpt lat="38.61972" lon="-109.60333"/>
      <trkpt lat="38.61975" lon="-109.60309"/>
      <trkpt lat="38.6198" lon="-109.60286"/>
      <trkpt lat="38.61985" lon="-109.60268"/>
      <trkpt lat="38.61992" lon="-109.60249"/>
      <trkpt lat="38.62002" lon="-109.60229"/>
      <trkpt lat="38.62011" lon="-109.60217"/>
      <trkpt lat="38.62028" lon="-109.60195"/>
      <trkpt lat="38.62046" lon="-109.60178"/>
      <trkpt lat="38.62062" lon="-109.60168"/>
      <trkpt lat="38.62075" lon="-109.6016"/>
      <trkpt lat="38.62089" lon="-109.60155"/>
      <trkpt lat="38.62099" lon="-109.60152"/>
      <trkpt lat="38.62101" lon="-109.60151"/>
      <trkpt lat="38.62124" lon="-109.60146"/>
      <trkpt lat="38.62145" lon="-109.60142"/>
      <trkpt lat="38.62186" lon="-109.60133"/>
      <trkpt lat="38.62238" lon="-109.60123"/>
      <trkpt lat="38.62272" lon="-109.60116"/>
      <trkpt lat="38.62297" lon="-109.6011"/>
      <trkpt lat="38.62319" lon="-109.60102"/>
      <trkpt lat="38.62333" lon="-109.60094"/>
      <trkpt lat="38.62344" lon="-109.60088"/>
      <trkpt lat="38.62361" lon="-109.60071"/>
      <trkpt lat="38.62374" lon="-109.60058"/>
      <trkpt lat="38.62383" lon="-109.60046"/>
      <trkpt lat="38.62384" lon="-109.60045"/>
      <trkpt lat="38.62391" lon="-109.60034"/>
      <trkpt lat="38.62398" lon="-109.60021"/>
      <trkpt lat="38.62407" lon="-109.60002"/>
      <trkpt lat="38.62411" lon="-109.59987"/>
      <trkpt lat="38.62413" lon="-109.59982"/>
      <trkpt lat="38.62414" lon="-109.59976"/>
      <trkpt lat="38.62418" lon="-109.59963"/>
      <trkpt lat="38.6242" lon="-109.59947"/>
      <trkpt lat="38.62422" lon="-109.59932"/>
      <trkpt lat="38.62423" lon="-109.59922"/>
      <trkpt lat="38.62423" lon="-109.5991"/>
      <trkpt lat="38.62423" lon="-109.599"/>
      <trkpt lat="38.62422" lon="-109.59889"/>
      <trkpt lat="38.62421" lon="-109.59885"/>
      <trkpt lat="38.62421" lon="-109.5988"/>
      <trkpt lat="38.62419" lon="-109.59869"/>
      <trkpt lat="38.62416" lon="-109.59857"/>
      <trkpt lat="38.62412" lon="-109.59843"/>
      <trkpt lat="38.62407" lon="-109.59829"/>
      <trkpt lat="38.62397" lon="-109.59798"/>
      <trkpt lat="38.6239" lon="-109.59776"/>
      <trkpt lat="38.62385" lon="-109.59757"/>
      <trkpt lat="38.6238" lon="-109.59736"/>
      <trkpt lat="38.62377" lon="-109.59713"/>
      <trkpt lat="38.62377" lon="-109.59689"/>
      <trkpt lat="38.62378" lon="-109.59671"/>
      <trkpt lat="38.62381" lon="-109.59648"/>
      <trkpt lat="38.62387" lon="-109.5962"/>
      <trkpt lat="38.62401" lon="-109.5957"/>
      <trkpt lat="38.62405" lon="-109.59558"/>
      <trkpt lat="38.6241" lon="-109.59541"/>
      <trkpt lat="38.62428" lon="-109.59479"/>
      <trkpt lat="38.62447" lon="-109.59426"/>
      <trkpt lat="38.62467" lon="-109.59376"/>
      <trkpt lat="38.62473" lon="-109.59359"/>
      <trkpt lat="38.62481" lon="-109.59339"/>
      <trkpt lat="38.6249" lon="-109.59321"/>
      <trkpt lat="38.62496" lon="-109.5931"/>
      <trkpt lat="38.62503" lon="-109.59299"/>
      <trkpt lat="38.62512" lon="-109.59286"/>
      <trkpt lat="38.62525" lon="-109.59272"/>
      <trkpt lat="38.62534" lon="-109.59264"/>
      <trkpt lat="38.62544" lon="-109.59256"/>
      <trkpt lat="38.62554" lon="-109.59249"/>
      <trkpt lat="38.6257" lon="-109.5924"/>
      <trkpt lat="38.62581" lon="-109.59237"/>
      <trkpt lat="38.62592" lon="-109.59233"/>
      <trkpt lat="38.62604" lon="-109.59231"/>
      <trkpt lat="38.62617" lon="-109.5923"/>
      <trkpt lat="38.62626" lon="-109.5923"/>
      <trkpt lat="38.62636" lon="-109.59231"/>
      <trkpt lat="38.62647" lon="-109.59232"/>
      <trkpt lat="38.62662" lon="-109.59237"/>
      <trkpt lat="38.62678" lon="-109.59242"/>
      <trkpt lat="38.627" lon="-109.59252"/>
      <trkpt lat="38.62725" lon="-109.59266"/>
      <trkpt lat="38.62753" lon="-109.59284"/>
      <trkpt lat="38.62768" lon="-109.59294"/>
      <trkpt lat="38.62807" lon="-109.59323"/>
      <trkpt lat="38.62811" lon="-109.59325"/>
      <trkpt lat="38.62845" lon="-109.59353"/>
      <trkpt lat="38.62862" lon="-109.59369"/>
      <trkpt lat="38.62882" lon="-109.59388"/>
      <trkpt lat="38.62898" lon="-109.59406"/>
      <trkpt lat="38.62903" lon="-109.59411"/>
      <trkpt lat="38.62917" lon="-109.59427"/>
      <trkpt lat="38.62933" lon="-109.59448"/>
      <trkpt lat="38.62934" lon="-109.59451"/>
      <trkpt lat="38.62945" lon="-109.59471"/>
      <trkpt lat="38.62955" lon="-109.59494"/>
      <trkpt lat="38.62973" lon="-109.59542"/>
      <trkpt lat="38.62981" lon="-109.59564"/>
      <trkpt lat="38.62996" lon="-109.59594"/>
      <trkpt lat="38.6301" lon="-109.59618"/>
      <trkpt lat="38.63024" lon="-109.59636"/>
      <trkpt lat="38.63039" lon="-109.59652"/>
      <trkpt lat="38.63052" lon="-109.59664"/>
      <trkpt lat="38.63071" lon="-109.59678"/>
      <trkpt lat="38.63093" lon="-109.59689"/>
      <trkpt lat="38.63115" lon="-109.597"/>
      <trkpt lat="38.63141" lon="-109.59713"/>
      <trkpt lat="38.63172" lon="-109.59727"/>
      <trkpt lat="38.63182" lon="-109.59732"/>
      <trkpt lat="38.63184" lon="-109.59733"/>
      <trkpt lat="38.6321" lon="-109.59745"/>
      <trkpt lat="38.63218" lon="-109.59749"/>
      <trkpt lat="38.63257" lon="-109.59768"/>
      <trkpt lat="38.63293" lon="-109.59785"/>
      <trkpt lat="38.63314" lon="-109.59796"/>
      <trkpt lat="38.6335" lon="-109.59815"/>
      <trkpt lat="38.63375" lon="-109.59829"/>
      <trkpt lat="38.63423" lon="-109.59858"/>
      <trkpt lat="38.63435" lon="-109.59865"/>
      <trkpt lat="38.63496" lon="-109.59905"/>
      <trkpt lat="38.63568" lon="-109.59952"/>
      <trkpt lat="38.63611" lon="-109.59979"/>
      <trkpt lat="38.63647" lon="-109.60002"/>
      <trkpt lat="38.6365" lon="-109.60004"/>
      <trkpt lat="38.63651" lon="-109.60005"/>
      <trkpt lat="38.63668" lon="-109.60016"/>
      <trkpt lat="38.63716" lon="-109.60048"/>
      <trkpt lat="38.63727" lon="-109.60055"/>
      <trkpt lat="38.63737" lon="-109.60062"/>
      <trkpt lat="38.63744" lon="-109.60067"/>
      <trkpt lat="38.6375" lon="-109.60072"/>
      <trkpt lat="38.63752" lon="-109.60073"/>
      <trkpt lat="38.63752" lon="-109.60073"/>
      <trkpt lat="38.63761" lon="-109.60082"/>
      <trkpt lat="38.63773" lon="-109.60092"/>
      <trkpt lat="38.63786" lon="-109.60107"/>
      <trkpt lat="38.63801" lon="-109.60124"/>
      <trkpt lat="38.63815" lon="-109.60142"/>
      <trkpt lat="38.63826" lon="-109.60159"/>
      <trkpt lat="38.63837" lon="-109.60176"/>
      <trkpt lat="38.63848" lon="-109.60194"/>
      <trkpt lat="38.63851" lon="-109.60201"/>
      <trkpt lat="38.63862" lon="-109.6022"/>
      <trkpt lat="38.63863" lon="-109.60223"/>
      <trkpt lat="38.63877" lon="-109.60248"/>
      <trkpt lat="38.63884" lon="-109.6026"/>
      <trkpt lat="38.63888" lon="-109.60266"/>
      <trkpt lat="38.63898" lon="-109.60284"/>
      <trkpt lat="38.63907" lon="-109.60297"/>
      <trkpt lat="38.63917" lon="-109.60309"/>
      <trkpt lat="38.63925" lon="-109.60317"/>
      <trkpt lat="38.63935" lon="-109.60326"/>
      <trkpt lat="38.63947" lon="-109.60334"/>
      <trkpt lat="38.63963" lon="-109.60343"/>
      <trkpt lat="38.63977" lon="-109.60349"/>
      <trkpt lat="38.6399" lon="-109.60353"/>
      <trkpt lat="38.63999" lon="-109.60355"/>
      <trkpt lat="38.64013" lon="-109.60356"/>
      <trkpt lat="38.64028" lon="-109.60356"/>
      <trkpt lat="38.6405" lon="-109.60355"/>
      <trkpt lat="38.64063" lon="-109.60353"/>
      <trkpt lat="38.64075" lon="-109.60352"/>
      <trkpt lat="38.64097" lon="-109.60347"/>
      <trkpt lat="38.64141" lon="-109.60336"/>
      <trkpt lat="38.64166" lon="-109.6033"/>
      <trkpt lat="38.6418" lon="-109.60325"/>
      <trkpt lat="38.64202" lon="-109.60317"/>
      <trkpt lat="38.64214" lon="-109.60311"/>
      <trkpt lat="38.6423" lon="-109.60305"/>
      <trkpt lat="38.64249" lon="-109.60296"/>
      <trkpt lat="38.64272" lon="-109.60284"/>
      <trkpt lat="38.64293" lon="-109.60274"/>
      <trkpt lat="38.64317" lon="-109.60259"/>
      <trkpt lat="38.64344" lon="-109.60242"/>
      <trkpt lat="38.64353" lon="-109.60235"/>
      <trkpt lat="38.64378" lon="-109.60218"/>
      <trkpt lat="38.64387" lon="-109.60212"/>
      <trkpt lat="38.64402" lon="-109.60203"/>
      <trkpt lat="38.64419" lon="-109.60192"/>
      <trkpt lat="38.64431" lon="-109.60184"/>
      <trkpt lat="38.64436" lon="-109.60181"/>
      <trkpt lat="38.64457" lon="-109.60172"/>
      <trkpt lat="38.64477" lon="-109.60164"/>
      <trkpt lat="38.64496" lon="-109.60156"/>
      <trkpt lat="38.64513" lon="-109.60151"/>
      <trkpt lat="38.64618" lon="-109.60118"/>
      <trkpt lat="38.64638" lon="-109.60111"/>
      <trkpt lat="38.64658" lon="-109.60102"/>
      <trkpt lat="38.64673" lon="-109.60095"/>
      <trkpt lat="38.6469" lon="-109.60085"/>
      <trkpt lat="38.64707" lon="-109.60074"/>
      <trkpt lat="38.64723" lon="-109.60062"/>
      <trkpt lat="38.64736" lon="-109.60049"/>
      <trkpt lat="38.64753" lon="-109.60033"/>
      <trkpt lat="38.64774" lon="-109.60009"/>
      <trkpt lat="38.64813" lon="-109.59959"/>
      <trkpt lat="38.64845" lon="-109.59916"/>
      <trkpt lat="38.64848" lon="-109.59912"/>
      <trkpt lat="38.64885" lon="-109.59864"/>
      <trkpt lat="38.649" lon="-109.59844"/>
      <trkpt lat="38.64918" lon="-109.59821"/>
      <trkpt lat="38.6496" lon="-109.59766"/>
      <trkpt lat="38.64969" lon="-109.59754"/>
      <trkpt lat="38.65006" lon="-109.59711"/>
      <trkpt lat="38.6503" lon="-109.59687"/>
      <trkpt lat="38.65052" lon="-109.59666"/>
      <trkpt lat="38.6507" lon="-109.59649"/>
      <trkpt lat="38.65121" lon="-109.59608"/>
      <trkpt lat="38.65192" lon="-109.59556"/>
      <trkpt lat="38.65321" lon="-109.59462"/>
      <trkpt lat="38.65334" lon="-109.59453"/>
      <trkpt lat="38.65366" lon="-109.5943"/>
      <trkpt lat="38.65388" lon="-109.59413"/>
      <trkpt lat="38.65405" lon="-109.59399"/>
      <trkpt lat="38.65416" lon="-109.59389"/>
      <trkpt lat="38.65425" lon="-109.59379"/>
      <trkpt lat="38.65436" lon="-109.59366"/>
      <trkpt lat="38.65447" lon="-109.59352"/>
      <trkpt lat="38.65458" lon="-109.59337"/>
      <trkpt lat="38.65468" lon="-109.59321"/>
      <trkpt lat="38.65476" lon="-109.59306"/>
      <trkpt lat="38.65486" lon="-109.59286"/>
      <trkpt lat="38.65494" lon="-109.59266"/>
      <trkpt lat="38.65501" lon="-109.59245"/>
      <trkpt lat="38.65506" lon="-109.59226"/>
      <trkpt lat="38.65512" lon="-109.59204"/>
      <trkpt lat="38.65522" lon="-109.59152"/>
      <trkpt lat="38.65541" lon="-109.59054"/>
      <trkpt lat="38.65546" lon="-109.59035"/>
      <trkpt lat="38.65551" lon="-109.59016"/>
      <trkpt lat="38.65557" lon="-109.59"/>
      <trkpt lat="38.65563" lon="-109.58982"/>
      <trkpt lat="38.65571" lon="-109.58966"/>
      <trkpt lat="38.65579" lon="-109.5895"/>
      <trkpt lat="38.65588" lon="-109.58935"/>
      <trkpt lat="38.65598" lon="-109.58921"/>
      <trkpt lat="38.65606" lon="-109.58909"/>
      <trkpt lat="38.65615" lon="-109.58898"/>
      <trkpt lat="38.65624" lon="-109.58887"/>
      <trkpt lat="38.65636" lon="-109.58876"/>
      <trkpt lat="38.65648" lon="-109.58865"/>
      <trkpt lat="38.65663" lon="-109.58854"/>
      <trkpt lat="38.65678" lon="-109.58844"/>
      <trkpt lat="38.65692" lon="-109.58835"/>
      <trkpt lat="38.6571" lon="-109.58827"/>
      <trkpt lat="38.6573" lon="-109.5882"/>
      <trkpt lat="38.65748" lon="-109.58814"/>
      <trkpt lat="38.65779" lon="-109.58806"/>
      <trkpt lat="38.658" lon="-109.58801"/>
      <trkpt lat="38.65855" lon="-109.58793"/>
      <trkpt lat="38.65884" lon="-109.58791"/>
      <trkpt lat="38.65909" lon="-109.5879"/>
      <trkpt lat="38.65939" lon="-109.5879"/>
      <trkpt lat="38.65953" lon="-109.58791"/>
      <trkpt lat="38.66002" lon="-109.58796"/>
      <trkpt lat="38.66022" lon="-109.58798"/>
      <trkpt lat="38.66037" lon="-109.58801"/>
      <trkpt lat="38.66055" lon="-109.58805"/>
      <trkpt lat="38.66067" lon="-109.58807"/>
      <trkpt lat="38.66093" lon="-109.58814"/>
      <trkpt lat="38.66143" lon="-109.58828"/>
      <trkpt lat="38.66155" lon="-109.5883"/>
      <trkpt lat="38.66164" lon="-109.58832"/>
      <trkpt lat="38.66179" lon="-109.58833"/>
      <trkpt lat="38.66194" lon="-109.58833"/>
      <trkpt lat="38.66202" lon="-109.58833"/>
      <trkpt lat="38.66212" lon="-109.58832"/>
      <trkpt lat="38.66229" lon="-109.5883"/>
      <trkpt lat="38.66244" lon="-109.58826"/>
      <trkpt lat="38.66253" lon="-109.58823"/>
      <trkpt lat="38.6627" lon="-109.58818"/>
      <trkpt lat="38.66292" lon="-109.5881"/>
      <trkpt lat="38.66306" lon="-109.58805"/>
      <trkpt lat="38.66348" lon="-109.5879"/>
      <trkpt lat="38.66408" lon="-109.58769"/>
      <trkpt lat="38.6643" lon="-109.58761"/>
      <trkpt lat="38.66442" lon="-109.58758"/>
      <trkpt lat="38.66461" lon="-109.58754"/>
      <trkpt lat="38.66475" lon="-109.58752"/>
      <trkpt lat="38.66489" lon="-109.58751"/>
      <trkpt lat="38.66512" lon="-109.58751"/>
      <trkpt lat="38.66529" lon="-109.58752"/>
      <trkpt lat="38.66594" lon="-109.58765"/>
      <trkpt lat="38.66602" lon="-109.58767"/>
      <trkpt lat="38.66651" lon="-109.58779"/>
      <trkpt lat="38.66702" lon="-109.58789"/>
      <trkpt lat="38.66742" lon="-109.58796"/>
      <trkpt lat="38.66791" lon="-109.58803"/>
      <trkpt lat="38.6685" lon="-109.5881"/>
      <trkpt lat="38.66885" lon="-109.58812"/>
      <trkpt lat="38.66908" lon="-109.58813"/>
      <trkpt lat="38.66997" lon="-109.58817"/>
      <trkpt lat="38.67018" lon="-109.58817"/>
      <trkpt lat="38.67037" lon="-109.58817"/>
      <trkpt lat="38.6705" lon="-109.58817"/>
      <trkpt lat="38.67065" lon="-109.58816"/>
      <trkpt lat="38.67083" lon="-109.58816"/>
      <trkpt lat="38.67117" lon="-109.58814"/>
      <trkpt lat="38.67141" lon="-109.58812"/>
      <trkpt lat="38.67169" lon="-109.58809"/>
      <trkpt lat="38.67205" lon="-109.58803"/>
      <trkpt lat="38.67239" lon="-109.58798"/>
      <trkpt lat="38.67315" lon="-109.58787"/>
      <trkpt lat="38.6736" lon="-109.58779"/>
      <trkpt lat="38.67382" lon="-109.58776"/>
      <trkpt lat="38.67465" lon="-109.58764"/>
      <trkpt lat="38.67524" lon="-109.58756"/>
      <trkpt lat="38.67608" lon="-109.58743"/>
      <trkpt lat="38.67653" lon="-109.58736"/>
      <trkpt lat="38.67679" lon="-109.5873"/>
      <trkpt lat="38.67701" lon="-109.58725"/>
      <trkpt lat="38.67738" lon="-109.58714"/>
      <trkpt lat="38.67768" lon="-109.58703"/>
      <trkpt lat="38.67792" lon="-109.58693"/>
      <trkpt lat="38.67826" lon="-109.58678"/>
      <trkpt lat="38.67849" lon="-109.58666"/>
      <trkpt lat="38.67877" lon="-109.5865"/>
      <trkpt lat="38.679" lon="-109.58636"/>
      <trkpt lat="38.67939" lon="-109.58608"/>
      <trkpt lat="38.67959" lon="-109.58593"/>
      <trkpt lat="38.67962" lon="-109.5859"/>
      <trkpt lat="38.67982" lon="-109.58573"/>
      <trkpt lat="38.67993" lon="-109.58562"/>
      <trkpt lat="38.67995" lon="-109.5856"/>
      <trkpt lat="38.68006" lon="-109.58551"/>
      <trkpt lat="38.68024" lon="-109.58534"/>
      <trkpt lat="38.68035" lon="-109.58524"/>
      <trkpt lat="38.68046" lon="-109.58512"/>
      <trkpt lat="38.68064" lon="-109.58493"/>
      <trkpt lat="38.6809" lon="-109.58463"/>
      <trkpt lat="38.68111" lon="-109.58436"/>
      <trkpt lat="38.68132" lon="-109.58409"/>
      <trkpt lat="38.68149" lon="-109.58389"/>
      <trkpt lat="38.68162" lon="-109.5837"/>
      <trkpt lat="38.68182" lon="-109.58343"/>
      <trkpt lat="38.68198" lon="-109.58322"/>
      <trkpt lat="38.68204" lon="-109.58315"/>
      <trkpt lat="38.6822" lon="-109.58298"/>
      <trkpt lat="38.68234" lon="-109.58285"/>
      <trkpt lat="38.68248" lon="-109.58274"/>
      <trkpt lat="38.68266" lon="-109.58262"/>
      <trkpt lat="38.68283" lon="-109.58252"/>
      <trkpt lat="38.68304" lon="-109.58244"/>
      <trkpt lat="38.68317" lon="-109.5824"/>
      <trkpt lat="38.6833" lon="-109.58237"/>
      <trkpt lat="38.68344" lon="-109.58234"/>
      <trkpt lat="38.68362" lon="-109.58231"/>
      <trkpt lat="38.68413" lon="-109.58226"/>
      <trkpt lat="38.6845" lon="-109.58222"/>
      <trkpt lat="38.68478" lon="-109.58218"/>
      <trkpt lat="38.68499" lon="-109.58214"/>
      <trkpt lat="38.68519" lon="-109.58208"/>
      <trkpt lat="38.68529" lon="-109.58204"/>
      <trkpt lat="38.68538" lon="-109.582"/>
      <trkpt lat="38.68557" lon="-109.5819"/>
      <trkpt lat="38.68576" lon="-109.58179"/>
      <trkpt lat="38.68584" lon="-109.58174"/>
      <trkpt lat="38.68596" lon="-109.58166"/>
      <trkpt lat="38.68616" lon="-109.58151"/>
      <trkpt lat="38.6863" lon="-109.58139"/>
      <trkpt lat="38.68645" lon="-109.58124"/>
      <trkpt lat="38.68661" lon="-109.58107"/>
      <trkpt lat="38.68693" lon="-109.58071"/>
      <trkpt lat="38.68711" lon="-109.58049"/>
      <trkpt lat="38.68728" lon="-109.58027"/>
      <trkpt lat="38.68746" lon="-109.58"/>
      <trkpt lat="38.68769" lon="-109.57965"/>
      <trkpt lat="38.68787" lon="-109.57937"/>
      <trkpt lat="38.68807" lon="-109.57901"/>
      <trkpt lat="38.68859" lon="-109.57805"/>
      <trkpt lat="38.68873" lon="-109.5778"/>
      <trkpt lat="38.68883" lon="-109.57763"/>
      <trkpt lat="38.68895" lon="-109.57746"/>
      <trkpt lat="38.68908" lon="-109.5773"/>
      <trkpt lat="38.68927" lon="-109.57707"/>
      <trkpt lat="38.68944" lon="-109.57688"/>
      <trkpt lat="38.68962" lon="-109.57671"/>
      <trkpt lat="38.68983" lon="-109.57653"/>
      <trkpt lat="38.69002" lon="-109.57637"/>
      <trkpt lat="38.69017" lon="-109.57627"/>
      <trkpt lat="38.69041" lon="-109.57614"/>
      <trkpt lat="38.69042" lon="-109.57613"/>
      <trkpt lat="38.69074" lon="-109.57598"/>
      <trkpt lat="38.69127" lon="-109.57575"/>
      <trkpt lat="38.69166" lon="-109.57558"/>
      <trkpt lat="38.69202" lon="-109.5754"/>
      <trkpt lat="38.69229" lon="-109.57525"/>
      <trkpt lat="38.6925" lon="-109.57511"/>
      <trkpt lat="38.69272" lon="-109.57497"/>
      <trkpt lat="38.69295" lon="-109.5748"/>
      <trkpt lat="38.69317" lon="-109.57462"/>
      <trkpt lat="38.69344" lon="-109.57441"/>
      <trkpt lat="38.69361" lon="-109.57425"/>
      <trkpt lat="38.69393" lon="-109.57395"/>
      <trkpt lat="38.69463" lon="-109.57329"/>
      <trkpt lat="38.69494" lon="-109.57301"/>
      <trkpt lat="38.69517" lon="-109.57283"/>
      <trkpt lat="38.69528" lon="-109.57274"/>
      <trkpt lat="38.69539" lon="-109.57267"/>
      <trkpt lat="38.69551" lon="-109.57259"/>
      <trkpt lat="38.69557" lon="-109.57255"/>
      <trkpt lat="38.69564" lon="-109.57251"/>
      <trkpt lat="38.69574" lon="-109.57246"/>
      <trkpt lat="38.69587" lon="-109.57239"/>
      <trkpt lat="38.69602" lon="-109.57232"/>
      <trkpt lat="38.69621" lon="-109.57225"/>
      <trkpt lat="38.69648" lon="-109.57217"/>
      <trkpt lat="38.6967" lon="-109.5721"/>
      <trkpt lat="38.69714" lon="-109.57195"/>
      <trkpt lat="38.69722" lon="-109.57193"/>
      <trkpt lat="38.69748" lon="-109.57185"/>
      <trkpt lat="38.69787" lon="-109.57173"/>
      <trkpt lat="38.69841" lon="-109.57155"/>
      <trkpt lat="38.69862" lon="-109.57147"/>
      <trkpt lat="38.69881" lon="-109.57137"/>
      <trkpt lat="38.69906" lon="-109.57124"/>
      <trkpt lat="38.69929" lon="-109.57109"/>
      <trkpt lat="38.69952" lon="-109.57092"/>
      <trkpt lat="38.69971" lon="-109.57075"/>
      <trkpt lat="38.6999" lon="-109.57055"/>
      <trkpt lat="38.70012" lon="-109.57029"/>
      <trkpt lat="38.70028" lon="-109.57009"/>
      <trkpt lat="38.70042" lon="-109.56989"/>
      <trkpt lat="38.70058" lon="-109.56964"/>
      <trkpt lat="38.70069" lon="-109.56942"/>
      <trkpt lat="38.70077" lon="-109.56925"/>
      <trkpt lat="38.70087" lon="-109.56902"/>
      <trkpt lat="38.70099" lon="-109.56875"/>
      <trkpt lat="38.70117" lon="-109.56823"/>
      <trkpt lat="38.70131" lon="-109.56783"/>
      <trkpt lat="38.7016" lon="-109.56702"/>
      <trkpt lat="38.70166" lon="-109.56685"/>
      <trkpt lat="38.7017" lon="-109.56674"/>
      <trkpt lat="38.70193" lon="-109.56612"/>
      <trkpt lat="38.70196" lon="-109.56603"/>
      <trkpt lat="38.702" lon="-109.56593"/>
      <trkpt lat="38.70208" lon="-109.56574"/>
      <trkpt lat="38.70214" lon="-109.5656"/>
      <trkpt lat="38.70221" lon="-109.56547"/>
      <trkpt lat="38.70232" lon="-109.56525"/>
      <trkpt lat="38.70246" lon="-109.565"/>
      <trkpt lat="38.70259" lon="-109.56475"/>
      <trkpt lat="38.70274" lon="-109.56451"/>
      <trkpt lat="38.70292" lon="-109.56423"/>
      <trkpt lat="38.70306" lon="-109.56404"/>
      <trkpt lat="38.70319" lon="-109.56386"/>
      <trkpt lat="38.70337" lon="-109.56364"/>
      <trkpt lat="38.7034" lon="-109.56361"/>
      <trkpt lat="38.70357" lon="-109.56345"/>
      <trkpt lat="38.70371" lon="-109.56334"/>
      <trkpt lat="38.70383" lon="-109.56324"/>
      <trkpt lat="38.70409" lon="-109.56306"/>
      <trkpt lat="38.70425" lon="-109.56297"/>
      <trkpt lat="38.70439" lon="-109.56291"/>
      <trkpt lat="38.70462" lon="-109.56283"/>
      <trkpt lat="38.70485" lon="-109.56277"/>
      <trkpt lat="38.70508" lon="-109.56271"/>
      <trkpt lat="38.70573" lon="-109.56258"/>
      <trkpt lat="38.70641" lon="-109.56246"/>
      <trkpt lat="38.70684" lon="-109.56237"/>
      <trkpt lat="38.70709" lon="-109.5623"/>
      <trkpt lat="38.7074" lon="-109.56221"/>
      <trkpt lat="38.70787" lon="-109.56205"/>
      <trkpt lat="38.70813" lon="-109.56197"/>
      <trkpt lat="38.70869" lon="-109.56173"/>
      <trkpt lat="38.70909" lon="-109.56153"/>
      <trkpt lat="38.70955" lon="-109.56129"/>
      <trkpt lat="38.71003" lon="-109.56102"/>
      <trkpt lat="38.71026" lon="-109.56087"/>
      <trkpt lat="38.71055" lon="-109.56067"/>
      <trkpt lat="38.71109" lon="-109.56027"/>
      <trkpt lat="38.71126" lon="-109.56013"/>
      <trkpt lat="38.71158" lon="-109.55986"/>
      <trkpt lat="38.71192" lon="-109.55955"/>
      <trkpt lat="38.71206" lon="-109.55942"/>
      <trkpt lat="38.71221" lon="-109.55928"/>
      <trkpt lat="38.71247" lon="-109.559"/>
      <trkpt lat="38.71252" lon="-109.55895"/>
      <trkpt lat="38.71272" lon="-109.55872"/>
      <trkpt lat="38.71311" lon="-109.55827"/>
      <trkpt lat="38.71346" lon="-109.55786"/>
      <trkpt lat="38.71371" lon="-109.55754"/>
      <trkpt lat="38.71398" lon="-109.55723"/>
      <trkpt lat="38.71416" lon="-109.55705"/>
      <trkpt lat="38.71429" lon="-109.55692"/>
      <trkpt lat="38.71444" lon="-109.55681"/>
      <trkpt lat="38.7146" lon="-109.5567"/>
      <trkpt lat="38.71477" lon="-109.5566"/>
      <trkpt lat="38.7149" lon="-109.55653"/>
      <trkpt lat="38.71506" lon="-109.55647"/>
      <trkpt lat="38.71522" lon="-109.55643"/>
      <trkpt lat="38.7154" lon="-109.55638"/>
      <trkpt lat="38.71554" lon="-109.55636"/>
      <trkpt lat="38.71577" lon="-109.55634"/>
      <trkpt lat="38.71683" lon="-109.55625"/>
      <trkpt lat="38.71756" lon="-109.55619"/>
      <trkpt lat="38.7181" lon="-109.55615"/>
      <trkpt lat="38.71841" lon="-109.55613"/>
      <trkpt lat="38.71859" lon="-109.55608"/>
      <trkpt lat="38.71878" lon="-109.55603"/>
      <trkpt lat="38.719" lon="-109.55594"/>
      <trkpt lat="38.71913" lon="-109.55587"/>
      <trkpt lat="38.71932" lon="-109.55577"/>
      <trkpt lat="38.71949" lon="-109.55565"/>
      <trkpt lat="38.71965" lon="-109.55551"/>
      <trkpt lat="38.7198" lon="-109.55538"/>
      <trkpt lat="38.71986" lon="-109.5553"/>
      <trkpt lat="38.7202" lon="-109.55486"/>
      <trkpt lat="38.72041" lon="-109.55455"/>
      <trkpt lat="38.72068" lon="-109.55415"/>
      <trkpt lat="38.72094" lon="-109.55378"/>
      <trkpt lat="38.72135" lon="-109.5532"/>
      <trkpt lat="38.72187" lon="-109.55247"/>
      <trkpt lat="38.72198" lon="-109.55228"/>
      <trkpt lat="38.7221" lon="-109.55208"/>
      <trkpt lat="38.7222" lon="-109.55188"/>
      <trkpt lat="38.72228" lon="-109.55167"/>
      <trkpt lat="38.72234" lon="-109.55149"/>
      <trkpt lat="38.72241" lon="-109.55129"/>
      <trkpt lat="38.72246" lon="-109.55109"/>
      <trkpt lat="38.7225" lon="-109.55094"/>
      <trkpt lat="38.72254" lon="-109.5508"/>
      <trkpt lat="38.7226" lon="-109.55042"/>
      <trkpt lat="38.72266" lon="-109.55"/>
      <trkpt lat="38.72279" lon="-109.54913"/>
      <trkpt lat="38.72283" lon="-109.54892"/>
      <trkpt lat="38.72288" lon="-109.54869"/>
      <trkpt lat="38.72298" lon="-109.54835"/>
      <trkpt lat="38.72299" lon="-109.54832"/>
      <trkpt lat="38.72314" lon="-109.54774"/>
      <trkpt lat="38.72325" lon="-109.54734"/>
      <trkpt lat="38.72328" lon="-109.54723"/>
      <trkpt lat="38.72331" lon="-109.54712"/>
      <trkpt lat="38.72335" lon="-109.54691"/>
      <trkpt lat="38.72338" lon="-109.54673"/>
      <trkpt lat="38.72342" lon="-109.54644"/>
      <trkpt lat="38.72344" lon="-109.54622"/>
      <trkpt lat="38.72345" lon="-109.54591"/>
      <trkpt lat="38.72345" lon="-109.54547"/>
      <trkpt lat="38.72343" lon="-109.54477"/>
      <trkpt lat="38.72345" lon="-109.54447"/>
      <trkpt lat="38.72348" lon="-109.54418"/>
      <trkpt lat="38.7235" lon="-109.54399"/>
      <trkpt lat="38.72354" lon="-109.54381"/>
      <trkpt lat="38.72356" lon="-109.54369"/>
      <trkpt lat="38.72358" lon="-109.54358"/>
      <trkpt lat="38.72362" lon="-109.54346"/>
      <trkpt lat="38.72371" lon="-109.54313"/>
      <trkpt lat="38.72379" lon="-109.54287"/>
      <trkpt lat="38.72432" lon="-109.54139"/>
      <trkpt lat="38.72454" lon="-109.54075"/>
      <trkpt lat="38.72472" lon="-109.54029"/>
      <trkpt lat="38.72482" lon="-109.54007"/>
      <trkpt lat="38.72491" lon="-109.53991"/>
      <trkpt lat="38.725" lon="-109.53978"/>
      <trkpt lat="38.7251" lon="-109.53966"/>
      <trkpt lat="38.72524" lon="-109.53951"/>
      <trkpt lat="38.72537" lon="-109.5394"/>
      <trkpt lat="38.72554" lon="-109.53928"/>
      <trkpt lat="38.72573" lon="-109.53917"/>
      <trkpt lat="38.72593" lon="-109.53907"/>
      <trkpt lat="38.72603" lon="-109.53903"/>
      <trkpt lat="38.72613" lon="-109.53901"/>
      <trkpt lat="38.72627" lon="-109.53899"/>
      <trkpt lat="38.7264" lon="-109.53898"/>
      <trkpt lat="38.72649" lon="-109.53898"/>
      <trkpt lat="38.72657" lon="-109.53899"/>
      <trkpt lat="38.7267" lon="-109.53901"/>
      <trkpt lat="38.72688" lon="-109.53905"/>
      <trkpt lat="38.72701" lon="-109.53909"/>
      <trkpt lat="38.72713" lon="-109.53915"/>
      <trkpt lat="38.72728" lon="-109.53923"/>
      <trkpt lat="38.72741" lon="-109.53932"/>
      <trkpt lat="38.72754" lon="-109.53942"/>
      <trkpt lat="38.72774" lon="-109.53962"/>
      <trkpt lat="38.72791" lon="-109.53979"/>
      <trkpt lat="38.72804" lon="-109.53996"/>
      <trkpt lat="38.72816" lon="-109.53983"/>
      <trkpt lat="38.7284" lon="-109.53954"/>
      <trkpt lat="38.72847" lon="-109.53946"/>
      <trkpt lat="38.72855" lon="-109.53934"/>
      <trkpt lat="38.72861" lon="-109.53923"/>
      <trkpt lat="38.7287" lon="-109.53903"/>
      <trkpt lat="38.72878" lon="-109.53881"/>
      <trkpt lat="38.72888" lon="-109.53859"/>
      <trkpt lat="38.72899" lon="-109.53841"/>
      <trkpt lat="38.72911" lon="-109.53825"/>
      <trkpt lat="38.72926" lon="-109.53807"/>
      <trkpt lat="38.72936" lon="-109.53795"/>
      <trkpt lat="38.72943" lon="-109.53783"/>
      <trkpt lat="38.72948" lon="-109.53772"/>
      <trkpt lat="38.72951" lon="-109.53761"/>
      <trkpt lat="38.72953" lon="-109.53749"/>
      <trkpt lat="38.72954" lon="-109.53729"/>
      <trkpt lat="38.72953" lon="-109.5371"/>
      <trkpt lat="38.72948" lon="-109.53683"/>
      <trkpt lat="38.72932" lon="-109.53597"/>
      <trkpt lat="38.7293" lon="-109.53575"/>
      <trkpt lat="38.72929" lon="-109.53553"/>
      <trkpt lat="38.72929" lon="-109.53531"/>
      <trkpt lat="38.72931" lon="-109.5349"/>
      <trkpt lat="38.72933" lon="-109.53459"/>
      <trkpt lat="38.72936" lon="-109.53427"/>
      <trkpt lat="38.72942" lon="-109.53381"/>
      <trkpt lat="38.7295" lon="-109.53338"/>
      <trkpt lat="38.72955" lon="-109.53317"/>
      <trkpt lat="38.72961" lon="-109.53299"/>
      <trkpt lat="38.72966" lon="-109.53284"/>
      <trkpt lat="38.72999" lon="-109.53221"/>
      <trkpt lat="38.73024" lon="-109.53168"/>
      <trkpt lat="38.73037" lon="-109.5314"/>
      <trkpt lat="38.73051" lon="-109.53114"/>
      <trkpt lat="38.73065" lon="-109.53094"/>
      <trkpt lat="38.73077" lon="-109.53079"/>
      <trkpt lat="38.73087" lon="-109.5307"/>
      <trkpt lat="38.73099" lon="-109.53058"/>
      <trkpt lat="38.73117" lon="-109.53041"/>
      <trkpt lat="38.73128" lon="-109.53027"/>
      <trkpt lat="38.73136" lon="-109.53016"/>
      <trkpt lat="38.73143" lon="-109.52998"/>
      <trkpt lat="38.73157" lon="-109.52961"/>
      <trkpt lat="38.73192" lon="-109.52866"/>
      <trkpt lat="38.73203" lon="-109.52844"/>
      <trkpt lat="38.73211" lon="-109.52828"/>
      <trkpt lat="38.73225" lon="-109.52806"/>
      <trkpt lat="38.73237" lon="-109.52789"/>
      <trkpt lat="38.7326" lon="-109.52756"/>
      <trkpt lat="38.73284" lon="-109.52723"/>
      <trkpt lat="38.73296" lon="-109.52704"/>
      <trkpt lat="38.73303" lon="-109.52686"/>
      <trkpt lat="38.73313" lon="-109.52661"/>
      <trkpt lat="38.73334" lon="-109.52588"/>
      <trkpt lat="38.73358" lon="-109.52513"/>
      <trkpt lat="38.73364" lon="-109.52492"/>
      <trkpt lat="38.73365" lon="-109.52477"/>
      <trkpt lat="38.73365" lon="-109.52465"/>
      <trkpt lat="38.73363" lon="-109.52448"/>
      <trkpt lat="38.73363" lon="-109.52447"/>
      <trkpt lat="38.7336" lon="-109.52432"/>
      <trkpt lat="38.7335" lon="-109.52399"/>
      <trkpt lat="38.73346" lon="-109.52382"/>
      <trkpt lat="38.73345" lon="-109.52366"/>
      <trkpt lat="38.73345" lon="-109.5235"/>
      <trkpt lat="38.73348" lon="-109.52336"/>
      <trkpt lat="38.73352" lon="-109.52324"/>
      <trkpt lat="38.73356" lon="-109.52315"/>
      <trkpt lat="38.73409" lon="-109.52227"/>
      <trkpt lat="38.73452" lon="-109.52157"/>
      <trkpt lat="38.73479" lon="-109.5211"/>
      <trkpt lat="38.73483" lon="-109.52103"/>
      <trkpt lat="38.7349" lon="-109.52092"/>
      <trkpt lat="38.73496" lon="-109.52081"/>
      <trkpt lat="38.735" lon="-109.52071"/>
      <trkpt lat="38.73503" lon="-109.52064"/>
      <trkpt lat="38.73504" lon="-109.52057"/>
      <trkpt lat="38.73506" lon="-109.52047"/>
      <trkpt lat="38.73507" lon="-109.52043"/>
      <trkpt lat="38.73508" lon="-109.52034"/>
      <trkpt lat="38.7351" lon="-109.52023"/>
      <trkpt lat="38.73511" lon="-109.52015"/>
      <trkpt lat="38.73514" lon="-109.51992"/>
      <trkpt lat="38.73516" lon="-109.51975"/>
      <trkpt lat="38.73518" lon="-109.5196"/>
      <trkpt lat="38.73519" lon="-109.51951"/>
      <trkpt lat="38.73519" lon="-109.51942"/>
      <trkpt lat="38.73519" lon="-109.51931"/>
      <trkpt lat="38.73519" lon="-109.51922"/>
      <trkpt lat="38.73518" lon="-109.51913"/>
      <trkpt lat="38.73516" lon="-109.51902"/>
      <trkpt lat="38.73513" lon="-109.5189"/>
      <trkpt lat="38.73511" lon="-109.51881"/>
      <trkpt lat="38.73508" lon="-109.51869"/>
      <trkpt lat="38.73501" lon="-109.5185"/>
      <trkpt lat="38.73496" lon="-109.51838"/>
      <trkpt lat="38.73488" lon="-109.51822"/>
      <trkpt lat="38.73478" lon="-109.51807"/>
      <trkpt lat="38.73467" lon="-109.51793"/>
      <trkpt lat="38.73428" lon="-109.51757"/>
      <trkpt lat="38.73409" lon="-109.51739"/>
      <trkpt lat="38.73398" lon="-109.51727"/>
      <trkpt lat="38.73387" lon="-109.51715"/>
      <trkpt lat="38.7338" lon="-109.51704"/>
      <trkpt lat="38.73371" lon="-109.51692"/>
      <trkpt lat="38.73362" lon="-109.51677"/>
      <trkpt lat="38.73352" lon="-109.51657"/>
      <trkpt lat="38.73343" lon="-109.51638"/>
      <trkpt lat="38.73336" lon="-109.51621"/>
      <trkpt lat="38.73328" lon="-109.51595"/>
      <trkpt lat="38.73324" lon="-109.5158"/>
      <trkpt lat="38.73319" lon="-109.51559"/>
      <trkpt lat="38.73316" lon="-109.51544"/>
      <trkpt lat="38.73313" lon="-109.51522"/>
      <trkpt lat="38.7331" lon="-109.5147"/>
      <trkpt lat="38.73301" lon="-109.51358"/>
      <trkpt lat="38.73299" lon="-109.51309"/>
      <trkpt lat="38.733" lon="-109.51278"/>
      <trkpt lat="38.73301" lon="-109.51241"/>
      <trkpt lat="38.73308" lon="-109.5112"/>
      <trkpt lat="38.73314" lon="-109.51044"/>
      <trkpt lat="38.73318" lon="-109.50988"/>
      <trkpt lat="38.73319" lon="-109.50962"/>
      <trkpt lat="38.73319" lon="-109.50927"/>
      <trkpt lat="38.73318" lon="-109.50892"/>
      <trkpt lat="38.73316" lon="-109.50788"/>
      <trkpt lat="38.73317" lon="-109.50753"/>
      <trkpt lat="38.73317" lon="-109.5072"/>
      <trkpt lat="38.7332" lon="-109.50683"/>
      <trkpt lat="38.73324" lon="-109.50635"/>
      <trkpt lat="38.73329" lon="-109.506"/>
      <trkpt lat="38.73335" lon="-109.50567"/>
      <trkpt lat="38.73346" lon="-109.50509"/>
      <trkpt lat="38.73369" lon="-109.50409"/>
      <trkpt lat="38.7338" lon="-109.50361"/>
      <trkpt lat="38.73382" lon="-109.50349"/>
      <trkpt lat="38.73383" lon="-109.50337"/>
      <trkpt lat="38.73381" lon="-109.50323"/>
      <trkpt lat="38.73378" lon="-109.5031"/>
      <trkpt lat="38.73374" lon="-109.50293"/>
      <trkpt lat="38.73373" lon="-109.50286"/>
      <trkpt lat="38.73373" lon="-109.50281"/>
      <trkpt lat="38.73374" lon="-109.50275"/>
      <trkpt lat="38.73375" lon="-109.50265"/>
      <trkpt lat="38.73378" lon="-109.50248"/>
      <trkpt lat="38.73379" lon="-109.50239"/>
      <trkpt lat="38.73378" lon="-109.50248"/>
      <trkpt lat="38.73375" lon="-109.50265"/>
      <trkpt lat="38.73374" lon="-109.50275"/>
      <trkpt lat="38.73373" lon="-109.50281"/>
      <trkpt lat="38.73373" lon="-109.50286"/>
      <trkpt lat="38.73374" lon="-109.50293"/>
      <trkpt lat="38.73378" lon="-109.5031"/>
      <trkpt lat="38.73381" lon="-109.50323"/>
      <trkpt lat="38.73383" lon="-109.50337"/>
      <trkpt lat="38.73382" lon="-109.50349"/>
      <trkpt lat="38.7338" lon="-109.50361"/>
      <trkpt lat="38.73369" lon="-109.50409"/>
      <trkpt lat="38.73346" lon="-109.50509"/>
      <trkpt lat="38.73335" lon="-109.50567"/>
      <trkpt lat="38.73329" lon="-109.506"/>
      <trkpt lat="38.73324" lon="-109.50635"/>
      <trkpt lat="38.7332" lon="-109.50683"/>
      <trkpt lat="38.73317" lon="-109.5072"/>
      <trkpt lat="38.73317" lon="-109.50753"/>
      <trkpt lat="38.73316" lon="-109.50788"/>
      <trkpt lat="38.73318" lon="-109.50892"/>
      <trkpt lat="38.73319" lon="-109.50927"/>
      <trkpt lat="38.73319" lon="-109.50962"/>
      <trkpt lat="38.73318" lon="-109.50988"/>
      <trkpt lat="38.73314" lon="-109.51044"/>
      <trkpt lat="38.73308" lon="-109.5112"/>
      <trkpt lat="38.73301" lon="-109.51241"/>
      <trkpt lat="38.733" lon="-109.51278"/>
      <trkpt lat="38.73299" lon="-109.51309"/>
      <trkpt lat="38.73301" lon="-109.51358"/>
      <trkpt lat="38.7331" lon="-109.5147"/>
      <trkpt lat="38.73313" lon="-109.51522"/>
      <trkpt lat="38.73316" lon="-109.51544"/>
      <trkpt lat="38.73319" lon="-109.51559"/>
      <trkpt lat="38.73324" lon="-109.5158"/>
      <trkpt lat="38.73328" lon="-109.51595"/>
      <trkpt lat="38.73336" lon="-109.51621"/>
      <trkpt lat="38.73343" lon="-109.51638"/>
      <trkpt lat="38.73352" lon="-109.51657"/>
      <trkpt lat="38.73362" lon="-109.51677"/>
      <trkpt lat="38.73371" lon="-109.51692"/>
      <trkpt lat="38.7338" lon="-109.51704"/>
      <trkpt lat="38.73387" lon="-109.51715"/>
      <trkpt lat="38.73398" lon="-109.51727"/>
      <trkpt lat="38.73409" lon="-109.51739"/>
      <trkpt lat="38.73428" lon="-109.51757"/>
      <trkpt lat="38.73467" lon="-109.51793"/>
      <trkpt lat="38.73478" lon="-109.51807"/>
      <trkpt lat="38.73488" lon="-109.51822"/>
      <trkpt lat="38.73496" lon="-109.51838"/>
      <trkpt lat="38.73501" lon="-109.5185"/>
      <trkpt lat="38.73508" lon="-109.51869"/>
      <trkpt lat="38.73511" lon="-109.51881"/>
      <trkpt lat="38.73513" lon="-109.5189"/>
      <trkpt lat="38.73516" lon="-109.51902"/>
      <trkpt lat="38.73518" lon="-109.51913"/>
      <trkpt lat="38.73519" lon="-109.51922"/>
      <trkpt lat="38.73519" lon="-109.51931"/>
      <trkpt lat="38.73519" lon="-109.51942"/>
      <trkpt lat="38.73519" lon="-109.51951"/>
      <trkpt lat="38.73518" lon="-109.5196"/>
      <trkpt lat="38.73516" lon="-109.51975"/>
      <trkpt lat="38.73514" lon="-109.51992"/>
      <trkpt lat="38.73511" lon="-109.52015"/>
      <trkpt lat="38.7351" lon="-109.52023"/>
      <trkpt lat="38.73508" lon="-109.52034"/>
      <trkpt lat="38.73507" lon="-109.52043"/>
      <trkpt lat="38.73506" lon="-109.52047"/>
      <trkpt lat="38.73504" lon="-109.52057"/>
      <trkpt lat="38.73503" lon="-109.52064"/>
      <trkpt lat="38.735" lon="-109.52071"/>
      <trkpt lat="38.73496" lon="-109.52081"/>
      <trkpt lat="38.7349" lon="-109.52092"/>
      <trkpt lat="38.73483" lon="-109.52103"/>
      <trkpt lat="38.73479" lon="-109.5211"/>
      <trkpt lat="38.73452" lon="-109.52157"/>
      <trkpt lat="38.73409" lon="-109.52227"/>
      <trkpt lat="38.73356" lon="-109.52315"/>
      <trkpt lat="38.73352" lon="-109.52324"/>
      <trkpt lat="38.73348" lon="-109.52336"/>
      <trkpt lat="38.73345" lon="-109.5235"/>
      <trkpt lat="38.73345" lon="-109.52366"/>
      <trkpt lat="38.73346" lon="-109.52382"/>
      <trkpt lat="38.7335" lon="-109.52399"/>
      <trkpt lat="38.7336" lon="-109.52432"/>
      <trkpt lat="38.73363" lon="-109.52447"/>
      <trkpt lat="38.73363" lon="-109.52448"/>
      <trkpt lat="38.73365" lon="-109.52465"/>
      <trkpt lat="38.73365" lon="-109.52477"/>
      <trkpt lat="38.73364" lon="-109.52492"/>
      <trkpt lat="38.73358" lon="-109.52513"/>
      <trkpt lat="38.73334" lon="-109.52588"/>
      <trkpt lat="38.73313" lon="-109.52661"/>
      <trkpt lat="38.73303" lon="-109.52686"/>
      <trkpt lat="38.73296" lon="-109.52704"/>
      <trkpt lat="38.73284" lon="-109.52723"/>
      <trkpt lat="38.7326" lon="-109.52756"/>
      <trkpt lat="38.73237" lon="-109.52789"/>
      <trkpt lat="38.73225" lon="-109.52806"/>
      <trkpt lat="38.73211" lon="-109.52828"/>
      <trkpt lat="38.73203" lon="-109.52844"/>
      <trkpt lat="38.73192" lon="-109.52866"/>
      <trkpt lat="38.73157" lon="-109.52961"/>
      <trkpt lat="38.73143" lon="-109.52998"/>
      <trkpt lat="38.73136" lon="-109.53016"/>
      <trkpt lat="38.73128" lon="-109.53027"/>
      <trkpt lat="38.73117" lon="-109.53041"/>
      <trkpt lat="38.73099" lon="-109.53058"/>
      <trkpt lat="38.73087" lon="-109.5307"/>
      <trkpt lat="38.73077" lon="-109.53079"/>
      <trkpt lat="38.73065" lon="-109.53094"/>
      <trkpt lat="38.73051" lon="-109.53114"/>
      <trkpt lat="38.73037" lon="-109.5314"/>
      <trkpt lat="38.73024" lon="-109.53168"/>
      <trkpt lat="38.72999" lon="-109.53221"/>
      <trkpt lat="38.72966" lon="-109.53284"/>
      <trkpt lat="38.72961" lon="-109.53299"/>
      <trkpt lat="38.72955" lon="-109.53317"/>
      <trkpt lat="38.7295" lon="-109.53338"/>
      <trkpt lat="38.72942" lon="-109.53381"/>
      <trkpt lat="38.72936" lon="-109.53427"/>
      <trkpt lat="38.72933" lon="-109.53459"/>
      <trkpt lat="38.72931" lon="-109.5349"/>
      <trkpt lat="38.72929" lon="-109.53531"/>
      <trkpt lat="38.72929" lon="-109.53553"/>
      <trkpt lat="38.7293" lon="-109.53575"/>
      <trkpt lat="38.72932" lon="-109.53597"/>
      <trkpt lat="38.72948" lon="-109.53683"/>
      <trkpt lat="38.72953" lon="-109.5371"/>
      <trkpt lat="38.72954" lon="-109.53729"/>
      <trkpt lat="38.72953" lon="-109.53749"/>
      <trkpt lat="38.72951" lon="-109.53761"/>
      <trkpt lat="38.72948" lon="-109.53772"/>
      <trkpt lat="38.72943" lon="-109.53783"/>
      <trkpt lat="38.72936" lon="-109.53795"/>
      <trkpt lat="38.72926" lon="-109.53807"/>
      <trkpt lat="38.72911" lon="-109.53825"/>
      <trkpt lat="38.72899" lon="-109.53841"/>
      <trkpt lat="38.72888" lon="-109.53859"/>
      <trkpt lat="38.72878" lon="-109.53881"/>
      <trkpt lat="38.7287" lon="-109.53903"/>
      <trkpt lat="38.72861" lon="-109.53923"/>
      <trkpt lat="38.72855" lon="-109.53934"/>
      <trkpt lat="38.72847" lon="-109.53946"/>
      <trkpt lat="38.7284" lon="-109.53954"/>
      <trkpt lat="38.72816" lon="-109.53983"/>
      <trkpt lat="38.72804" lon="-109.53996"/>
      <trkpt lat="38.72791" lon="-109.53979"/>
      <trkpt lat="38.72774" lon="-109.53962"/>
      <trkpt lat="38.72754" lon="-109.53942"/>
      <trkpt lat="38.72741" lon="-109.53932"/>
      <trkpt lat="38.72728" lon="-109.53923"/>
      <trkpt lat="38.72713" lon="-109.53915"/>
      <trkpt lat="38.72701" lon="-109.53909"/>
      <trkpt lat="38.72688" lon="-109.53905"/>
      <trkpt lat="38.7267" lon="-109.53901"/>
      <trkpt lat="38.72657" lon="-109.53899"/>
      <trkpt lat="38.72649" lon="-109.53898"/>
      <trkpt lat="38.7264" lon="-109.53898"/>
      <trkpt lat="38.72627" lon="-109.53899"/>
      <trkpt lat="38.72613" lon="-109.53901"/>
      <trkpt lat="38.72603" lon="-109.53903"/>
      <trkpt lat="38.72593" lon="-109.53907"/>
      <trkpt lat="38.72573" lon="-109.53917"/>
      <trkpt lat="38.72554" lon="-109.53928"/>
      <trkpt lat="38.72537" lon="-109.5394"/>
      <trkpt lat="38.72524" lon="-109.53951"/>
      <trkpt lat="38.7251" lon="-109.53966"/>
      <trkpt lat="38.725" lon="-109.53978"/>
      <trkpt lat="38.72491" lon="-109.53991"/>
      <trkpt lat="38.72482" lon="-109.54007"/>
      <trkpt lat="38.72472" lon="-109.54029"/>
      <trkpt lat="38.72454" lon="-109.54075"/>
      <trkpt lat="38.72432" lon="-109.54139"/>
      <trkpt lat="38.72379" lon="-109.54287"/>
      <trkpt lat="38.72371" lon="-109.54313"/>
      <trkpt lat="38.72362" lon="-109.54346"/>
      <trkpt lat="38.72358" lon="-109.54358"/>
      <trkpt lat="38.72356" lon="-109.54369"/>
      <trkpt lat="38.72354" lon="-109.54381"/>
      <trkpt lat="38.7235" lon="-109.54399"/>
      <trkpt lat="38.72348" lon="-109.54418"/>
      <trkpt lat="38.72345" lon="-109.54447"/>
      <trkpt lat="38.72343" lon="-109.54477"/>
      <trkpt lat="38.72345" lon="-109.54547"/>
      <trkpt lat="38.72345" lon="-109.54591"/>
      <trkpt lat="38.72344" lon="-109.54622"/>
      <trkpt lat="38.72342" lon="-109.54644"/>
      <trkpt lat="38.72338" lon="-109.54673"/>
      <trkpt lat="38.72335" lon="-109.54691"/>
      <trkpt lat="38.72331" lon="-109.54712"/>
      <trkpt lat="38.72328" lon="-109.54723"/>
      <trkpt lat="38.72325" lon="-109.54734"/>
      <trkpt lat="38.72314" lon="-109.54774"/>
      <trkpt lat="38.72299" lon="-109.54832"/>
      <trkpt lat="38.72298" lon="-109.54835"/>
      <trkpt lat="38.72288" lon="-109.54869"/>
      <trkpt lat="38.72283" lon="-109.54892"/>
      <trkpt lat="38.72279" lon="-109.54913"/>
      <trkpt lat="38.72266" lon="-109.55"/>
      <trkpt lat="38.7226" lon="-109.55042"/>
      <trkpt lat="38.72254" lon="-109.5508"/>
      <trkpt lat="38.7225" lon="-109.55094"/>
      <trkpt lat="38.72246" lon="-109.55109"/>
      <trkpt lat="38.72241" lon="-109.55129"/>
      <trkpt lat="38.72234" lon="-109.55149"/>
      <trkpt lat="38.72228" lon="-109.55167"/>
      <trkpt lat="38.7222" lon="-109.55188"/>
      <trkpt lat="38.7221" lon="-109.55208"/>
      <trkpt lat="38.72198" lon="-109.55228"/>
      <trkpt lat="38.72187" lon="-109.55247"/>
      <trkpt lat="38.72135" lon="-109.5532"/>
      <trkpt lat="38.72094" lon="-109.55378"/>
      <trkpt lat="38.72068" lon="-109.55415"/>
      <trkpt lat="38.72041" lon="-109.55455"/>
      <trkpt lat="38.7202" lon="-109.55486"/>
      <trkpt lat="38.71986" lon="-109.5553"/>
      <trkpt lat="38.7198" lon="-109.55538"/>
      <trkpt lat="38.71965" lon="-109.55551"/>
      <trkpt lat="38.71949" lon="-109.55565"/>
      <trkpt lat="38.71932" lon="-109.55577"/>
      <trkpt lat="38.71913" lon="-109.55587"/>
      <trkpt lat="38.719" lon="-109.55594"/>
      <trkpt lat="38.71878" lon="-109.55603"/>
      <trkpt lat="38.71859" lon="-109.55608"/>
      <trkpt lat="38.71841" lon="-109.55613"/>
      <trkpt lat="38.7181" lon="-109.55615"/>
      <trkpt lat="38.71756" lon="-109.55619"/>
      <trkpt lat="38.71683" lon="-109.55625"/>
      <trkpt lat="38.71577" lon="-109.55634"/>
      <trkpt lat="38.71554" lon="-109.55636"/>
      <trkpt lat="38.7154" lon="-109.55638"/>
      <trkpt lat="38.71522" lon="-109.55643"/>
      <trkpt lat="38.71506" lon="-109.55647"/>
      <trkpt lat="38.7149" lon="-109.55653"/>
      <trkpt lat="38.71477" lon="-109.5566"/>
      <trkpt lat="38.7146" lon="-109.5567"/>
      <trkpt lat="38.71444" lon="-109.55681"/>
      <trkpt lat="38.71429" lon="-109.55692"/>
      <trkpt lat="38.71416" lon="-109.55705"/>
      <trkpt lat="38.71398" lon="-109.55723"/>
      <trkpt lat="38.71371" lon="-109.55754"/>
      <trkpt lat="38.71346" lon="-109.55786"/>
      <trkpt lat="38.71311" lon="-109.55827"/>
      <trkpt lat="38.71272" lon="-109.55872"/>
      <trkpt lat="38.71252" lon="-109.55895"/>
      <trkpt lat="38.71247" lon="-109.559"/>
      <trkpt lat="38.71221" lon="-109.55928"/>
      <trkpt lat="38.71206" lon="-109.55942"/>
      <trkpt lat="38.71192" lon="-109.55955"/>
      <trkpt lat="38.71158" lon="-109.55986"/>
      <trkpt lat="38.71126" lon="-109.56013"/>
      <trkpt lat="38.71109" lon="-109.56027"/>
      <trkpt lat="38.71055" lon="-109.56067"/>
      <trkpt lat="38.71026" lon="-109.56087"/>
      <trkpt lat="38.71003" lon="-109.56102"/>
      <trkpt lat="38.70955" lon="-109.56129"/>
      <trkpt lat="38.70909" lon="-109.56153"/>
      <trkpt lat="38.70869" lon="-109.56173"/>
      <trkpt lat="38.70813" lon="-109.56197"/>
      <trkpt lat="38.70787" lon="-109.56205"/>
      <trkpt lat="38.7074" lon="-109.56221"/>
      <trkpt lat="38.70709" lon="-109.5623"/>
      <trkpt lat="38.70684" lon="-109.56237"/>
      <trkpt lat="38.70641" lon="-109.56246"/>
      <trkpt lat="38.70573" lon="-109.56258"/>
      <trkpt lat="38.70508" lon="-109.56271"/>
      <trkpt lat="38.70485" lon="-109.56277"/>
      <trkpt lat="38.70462" lon="-109.56283"/>
      <trkpt lat="38.70439" lon="-109.56291"/>
      <trkpt lat="38.70425" lon="-109.56297"/>
      <trkpt lat="38.70409" lon="-109.56306"/>
      <trkpt lat="38.70383" lon="-109.56324"/>
      <trkpt lat="38.70371" lon="-109.56334"/>
      <trkpt lat="38.70357" lon="-109.56345"/>
      <trkpt lat="38.7034" lon="-109.56361"/>
      <trkpt lat="38.70337" lon="-109.56364"/>
      <trkpt lat="38.70319" lon="-109.56386"/>
      <trkpt lat="38.70306" lon="-109.56404"/>
      <trkpt lat="38.70292" lon="-109.56423"/>
      <trkpt lat="38.70274" lon="-109.56451"/>
      <trkpt lat="38.70259" lon="-109.56475"/>
      <trkpt lat="38.70246" lon="-109.565"/>
      <trkpt lat="38.70232" lon="-109.56525"/>
      <trkpt lat="38.70221" lon="-109.56547"/>
      <trkpt lat="38.70214" lon="-109.5656"/>
      <trkpt lat="38.70208" lon="-109.56574"/>
      <trkpt lat="38.702" lon="-109.56593"/>
      <trkpt lat="38.70196" lon="-109.56603"/>
      <trkpt lat="38.70193" lon="-109.56612"/>
      <trkpt lat="38.7017" lon="-109.56674"/>
      <trkpt lat="38.70166" lon="-109.56685"/>
      <trkpt lat="38.7016" lon="-109.56702"/>
      <trkpt lat="38.70131" lon="-109.56783"/>
      <trkpt lat="38.70117" lon="-109.56823"/>
      <trkpt lat="38.70099" lon="-109.56875"/>
      <trkpt lat="38.70087" lon="-109.56902"/>
      <trkpt lat="38.70077" lon="-109.56925"/>
      <trkpt lat="38.70069" lon="-109.56942"/>
      <trkpt lat="38.70058" lon="-109.56964"/>
      <trkpt lat="38.70042" lon="-109.56989"/>
      <trkpt lat="38.70028" lon="-109.57009"/>
      <trkpt lat="38.70012" lon="-109.57029"/>
      <trkpt lat="38.6999" lon="-109.57055"/>
      <trkpt lat="38.69971" lon="-109.57075"/>
      <trkpt lat="38.69952" lon="-109.57092"/>
      <trkpt lat="38.69929" lon="-109.57109"/>
      <trkpt lat="38.69906" lon="-109.57124"/>
      <trkpt lat="38.69881" lon="-109.57137"/>
      <trkpt lat="38.69862" lon="-109.57147"/>
      <trkpt lat="38.69841" lon="-109.57155"/>
      <trkpt lat="38.69787" lon="-109.57173"/>
      <trkpt lat="38.69748" lon="-109.57185"/>
      <trkpt lat="38.69722" lon="-109.57193"/>
      <trkpt lat="38.69714" lon="-109.57195"/>
      <trkpt lat="38.6967" lon="-109.5721"/>
      <trkpt lat="38.69648" lon="-109.57217"/>
      <trkpt lat="38.69621" lon="-109.57225"/>
      <trkpt lat="38.69602" lon="-109.57232"/>
      <trkpt lat="38.69587" lon="-109.57239"/>
      <trkpt lat="38.69574" lon="-109.57246"/>
      <trkpt lat="38.69564" lon="-109.57251"/>
      <trkpt lat="38.69557" lon="-109.57255"/>
      <trkpt lat="38.69551" lon="-109.57259"/>
      <trkpt lat="38.69539" lon="-109.57267"/>
      <trkpt lat="38.69528" lon="-109.57274"/>
      <trkpt lat="38.69517" lon="-109.57283"/>
      <trkpt lat="38.69494" lon="-109.57301"/>
      <trkpt lat="38.69463" lon="-109.57329"/>
      <trkpt lat="38.69393" lon="-109.57395"/>
      <trkpt lat="38.69361" lon="-109.57425"/>
      <trkpt lat="38.69344" lon="-109.57441"/>
      <trkpt lat="38.69317" lon="-109.57462"/>
      <trkpt lat="38.69295" lon="-109.5748"/>
      <trkpt lat="38.69272" lon="-109.57497"/>
      <trkpt lat="38.6925" lon="-109.57511"/>
      <trkpt lat="38.69229" lon="-109.57525"/>
      <trkpt lat="38.69202" lon="-109.5754"/>
      <trkpt lat="38.69166" lon="-109.57558"/>
      <trkpt lat="38.69127" lon="-109.57575"/>
      <trkpt lat="38.69074" lon="-109.57598"/>
      <trkpt lat="38.69042" lon="-109.57613"/>
      <trkpt lat="38.69041" lon="-109.57614"/>
      <trkpt lat="38.69017" lon="-109.57627"/>
      <trkpt lat="38.69002" lon="-109.57637"/>
      <trkpt lat="38.68983" lon="-109.57653"/>
      <trkpt lat="38.68962" lon="-109.57671"/>
      <trkpt lat="38.68944" lon="-109.57688"/>
      <trkpt lat="38.68927" lon="-109.57707"/>
      <trkpt lat="38.68908" lon="-109.5773"/>
      <trkpt lat="38.68895" lon="-109.57746"/>
      <trkpt lat="38.68883" lon="-109.57763"/>
      <trkpt lat="38.68873" lon="-109.5778"/>
      <trkpt lat="38.68859" lon="-109.57805"/>
      <trkpt lat="38.68807" lon="-109.57901"/>
      <trkpt lat="38.68787" lon="-109.57937"/>
      <trkpt lat="38.68769" lon="-109.57965"/>
      <trkpt lat="38.68746" lon="-109.58"/>
      <trkpt lat="38.68728" lon="-109.58027"/>
      <trkpt lat="38.68711" lon="-109.58049"/>
      <trkpt lat="38.68693" lon="-109.58071"/>
      <trkpt lat="38.68661" lon="-109.58107"/>
      <trkpt lat="38.68645" lon="-109.58124"/>
      <trkpt lat="38.6863" lon="-109.58139"/>
      <trkpt lat="38.68616" lon="-109.58151"/>
      <trkpt lat="38.68596" lon="-109.58166"/>
      <trkpt lat="38.68584" lon="-109.58174"/>
      <trkpt lat="38.68576" lon="-109.58179"/>
      <trkpt lat="38.68557" lon="-109.5819"/>
      <trkpt lat="38.68538" lon="-109.582"/>
      <trkpt lat="38.68529" lon="-109.58204"/>
      <trkpt lat="38.68519" lon="-109.58208"/>
      <trkpt lat="38.68499" lon="-109.58214"/>
      <trkpt lat="38.68478" lon="-109.58218"/>
      <trkpt lat="38.6845" lon="-109.58222"/>
      <trkpt lat="38.68413" lon="-109.58226"/>
      <trkpt lat="38.68362" lon="-109.58231"/>
      <trkpt lat="38.68344" lon="-109.58234"/>
      <trkpt lat="38.6833" lon="-109.58237"/>
      <trkpt lat="38.68317" lon="-109.5824"/>
      <trkpt lat="38.68304" lon="-109.58244"/>
      <trkpt lat="38.68283" lon="-109.58252"/>
      <trkpt lat="38.68266" lon="-109.58262"/>
      <trkpt lat="38.68248" lon="-109.58274"/>
      <trkpt lat="38.68234" lon="-109.58285"/>
      <trkpt lat="38.6822" lon="-109.58298"/>
      <trkpt lat="38.68204" lon="-109.58315"/>
      <trkpt lat="38.68198" lon="-109.58322"/>
      <trkpt lat="38.68182" lon="-109.58343"/>
      <trkpt lat="38.68162" lon="-109.5837"/>
      <trkpt lat="38.68149" lon="-109.58389"/>
      <trkpt lat="38.68132" lon="-109.58409"/>
      <trkpt lat="38.68111" lon="-109.58436"/>
      <trkpt lat="38.6809" lon="-109.58463"/>
      <trkpt lat="38.68064" lon="-109.58493"/>
      <trkpt lat="38.68046" lon="-109.58512"/>
      <trkpt lat="38.68035" lon="-109.58524"/>
      <trkpt lat="38.68024" lon="-109.58534"/>
      <trkpt lat="38.68006" lon="-109.58551"/>
      <trkpt lat="38.67995" lon="-109.5856"/>
      <trkpt lat="38.67993" lon="-109.58562"/>
      <trkpt lat="38.67982" lon="-109.58573"/>
      <trkpt lat="38.67962" lon="-109.5859"/>
      <trkpt lat="38.67959" lon="-109.58593"/>
      <trkpt lat="38.67939" lon="-109.58608"/>
      <trkpt lat="38.679" lon="-109.58636"/>
      <trkpt lat="38.67877" lon="-109.5865"/>
      <trkpt lat="38.67849" lon="-109.58666"/>
      <trkpt lat="38.67826" lon="-109.58678"/>
      <trkpt lat="38.67792" lon="-109.58693"/>
      <trkpt lat="38.67768" lon="-109.58703"/>
      <trkpt lat="38.67738" lon="-109.58714"/>
      <trkpt lat="38.67701" lon="-109.58725"/>
      <trkpt lat="38.67679" lon="-109.5873"/>
      <trkpt lat="38.67653" lon="-109.58736"/>
      <trkpt lat="38.67608" lon="-109.58743"/>
      <trkpt lat="38.67524" lon="-109.58756"/>
      <trkpt lat="38.67465" lon="-109.58764"/>
      <trkpt lat="38.67382" lon="-109.58776"/>
      <trkpt lat="38.6736" lon="-109.58779"/>
      <trkpt lat="38.67315" lon="-109.58787"/>
      <trkpt lat="38.67239" lon="-109.58798"/>
      <trkpt lat="38.67205" lon="-109.58803"/>
      <trkpt lat="38.67169" lon="-109.58809"/>
      <trkpt lat="38.67141" lon="-109.58812"/>
      <trkpt lat="38.67117" lon="-109.58814"/>
      <trkpt lat="38.67083" lon="-109.58816"/>
      <trkpt lat="38.67065" lon="-109.58816"/>
      <trkpt lat="38.6705" lon="-109.58817"/>
      <trkpt lat="38.67037" lon="-109.58817"/>
      <trkpt lat="38.67018" lon="-109.58817"/>
      <trkpt lat="38.66997" lon="-109.58817"/>
      <trkpt lat="38.66908" lon="-109.58813"/>
      <trkpt lat="38.66885" lon="-109.58812"/>
      <trkpt lat="38.6685" lon="-109.5881"/>
      <trkpt lat="38.66791" lon="-109.58803"/>
      <trkpt lat="38.66742" lon="-109.58796"/>
      <trkpt lat="38.66702" lon="-109.58789"/>
      <trkpt lat="38.66651" lon="-109.58779"/>
      <trkpt lat="38.66602" lon="-109.58767"/>
      <trkpt lat="38.66594" lon="-109.58765"/>
      <trkpt lat="38.66529" lon="-109.58752"/>
      <trkpt lat="38.66512" lon="-109.58751"/>
      <trkpt lat="38.66489" lon="-109.58751"/>
      <trkpt lat="38.66475" lon="-109.58752"/>
      <trkpt lat="38.66461" lon="-109.58754"/>
      <trkpt lat="38.66442" lon="-109.58758"/>
      <trkpt lat="38.6643" lon="-109.58761"/>
      <trkpt lat="38.66408" lon="-109.58769"/>
      <trkpt lat="38.66348" lon="-109.5879"/>
      <trkpt lat="38.66306" lon="-109.58805"/>
      <trkpt lat="38.66292" lon="-109.5881"/>
      <trkpt lat="38.6627" lon="-109.58818"/>
      <trkpt lat="38.66253" lon="-109.58823"/>
      <trkpt lat="38.66244" lon="-109.58826"/>
      <trkpt lat="38.66229" lon="-109.5883"/>
      <trkpt lat="38.66212" lon="-109.58832"/>
      <trkpt lat="38.66202" lon="-109.58833"/>
      <trkpt lat="38.66194" lon="-109.58833"/>
      <trkpt lat="38.66179" lon="-109.58833"/>
      <trkpt lat="38.66164" lon="-109.58832"/>
      <trkpt lat="38.66155" lon="-109.5883"/>
      <trkpt lat="38.66143" lon="-109.58828"/>
      <trkpt lat="38.66093" lon="-109.58814"/>
      <trkpt lat="38.66067" lon="-109.58807"/>
      <trkpt lat="38.66055" lon="-109.58805"/>
      <trkpt lat="38.66037" lon="-109.58801"/>
      <trkpt lat="38.66022" lon="-109.58798"/>
      <trkpt lat="38.66002" lon="-109.58796"/>
      <trkpt lat="38.65953" lon="-109.58791"/>
      <trkpt lat="38.65939" lon="-109.5879"/>
      <trkpt lat="38.65909" lon="-109.5879"/>
      <trkpt lat="38.65884" lon="-109.58791"/>
      <trkpt lat="38.65855" lon="-109.58793"/>
      <trkpt lat="38.658" lon="-109.58801"/>
      <trkpt lat="38.65779" lon="-109.58806"/>
      <trkpt lat="38.65748" lon="-109.58814"/>
      <trkpt lat="38.6573" lon="-109.5882"/>
      <trkpt lat="38.6571" lon="-109.58827"/>
      <trkpt lat="38.65692" lon="-109.58835"/>
      <trkpt lat="38.65678" lon="-109.58844"/>
      <trkpt lat="38.65663" lon="-109.58854"/>
      <trkpt lat="38.65648" lon="-109.58865"/>
      <trkpt lat="38.65636" lon="-109.58876"/>
      <trkpt lat="38.65624" lon="-109.58887"/>
      <trkpt lat="38.65615" lon="-109.58898"/>
      <trkpt lat="38.65606" lon="-109.58909"/>
      <trkpt lat="38.65598" lon="-109.58921"/>
      <trkpt lat="38.65588" lon="-109.58935"/>
      <trkpt lat="38.65579" lon="-109.5895"/>
      <trkpt lat="38.65571" lon="-109.58966"/>
      <trkpt lat="38.65563" lon="-109.58982"/>
      <trkpt lat="38.65557" lon="-109.59"/>
      <trkpt lat="38.65551" lon="-109.59016"/>
      <trkpt lat="38.65546" lon="-109.59035"/>
      <trkpt lat="38.65541" lon="-109.59054"/>
      <trkpt lat="38.65522" lon="-109.59152"/>
      <trkpt lat="38.65512" lon="-109.59204"/>
      <trkpt lat="38.65506" lon="-109.59226"/>
      <trkpt lat="38.65501" lon="-109.59245"/>
      <trkpt lat="38.65494" lon="-109.59266"/>
      <trkpt lat="38.65486" lon="-109.59286"/>
      <trkpt lat="38.65476" lon="-109.59306"/>
      <trkpt lat="38.65468" lon="-109.59321"/>
      <trkpt lat="38.65458" lon="-109.59337"/>
      <trkpt lat="38.65447" lon="-109.59352"/>
      <trkpt lat="38.65436" lon="-109.59366"/>
      <trkpt lat="38.65425" lon="-109.59379"/>
      <trkpt lat="38.65416" lon="-109.59389"/>
      <trkpt lat="38.65405" lon="-109.59399"/>
      <trkpt lat="38.65388" lon="-109.59413"/>
      <trkpt lat="38.65366" lon="-109.5943"/>
      <trkpt lat="38.65334" lon="-109.59453"/>
      <trkpt lat="38.65321" lon="-109.59462"/>
      <trkpt lat="38.65192" lon="-109.59556"/>
      <trkpt lat="38.65121" lon="-109.59608"/>
      <trkpt lat="38.6507" lon="-109.59649"/>
      <trkpt lat="38.65052" lon="-109.59666"/>
      <trkpt lat="38.6503" lon="-109.59687"/>
      <trkpt lat="38.65006" lon="-109.59711"/>
      <trkpt lat="38.64969" lon="-109.59754"/>
      <trkpt lat="38.6496" lon="-109.59766"/>
      <trkpt lat="38.64918" lon="-109.59821"/>
      <trkpt lat="38.649" lon="-109.59844"/>
      <trkpt lat="38.64885" lon="-109.59864"/>
      <trkpt lat="38.64848" lon="-109.59912"/>
      <trkpt lat="38.64845" lon="-109.59916"/>
      <trkpt lat="38.64813" lon="-109.59959"/>
      <trkpt lat="38.64774" lon="-109.60009"/>
      <trkpt lat="38.64753" lon="-109.60033"/>
      <trkpt lat="38.64736" lon="-109.60049"/>
      <trkpt lat="38.64723" lon="-109.60062"/>
      <trkpt lat="38.64707" lon="-109.60074"/>
      <trkpt lat="38.6469" lon="-109.60085"/>
      <trkpt lat="38.64673" lon="-109.60095"/>
      <trkpt lat="38.64658" lon="-109.60102"/>
      <trkpt lat="38.64638" lon="-109.60111"/>
      <trkpt lat="38.64618" lon="-109.60118"/>
      <trkpt lat="38.64513" lon="-109.60151"/>
      <trkpt lat="38.64496" lon="-109.60156"/>
      <trkpt lat="38.64477" lon="-109.60164"/>
      <trkpt lat="38.64457" lon="-109.60172"/>
      <trkpt lat="38.64436" lon="-109.60181"/>
      <trkpt lat="38.64431" lon="-109.60184"/>
      <trkpt lat="38.64419" lon="-109.60192"/>
      <trkpt lat="38.64402" lon="-109.60203"/>
      <trkpt lat="38.64387" lon="-109.60212"/>
      <trkpt lat="38.64378" lon="-109.60218"/>
      <trkpt lat="38.64353" lon="-109.60235"/>
      <trkpt lat="38.64344" lon="-109.60242"/>
      <trkpt lat="38.64317" lon="-109.60259"/>
      <trkpt lat="38.64293" lon="-109.60274"/>
      <trkpt lat="38.64272" lon="-109.60284"/>
      <trkpt lat="38.64249" lon="-109.60296"/>
      <trkpt lat="38.6423" lon="-109.60305"/>
      <trkpt lat="38.64214" lon="-109.60311"/>
      <trkpt lat="38.64202" lon="-109.60317"/>
      <trkpt lat="38.6418" lon="-109.60325"/>
      <trkpt lat="38.64166" lon="-109.6033"/>
      <trkpt lat="38.64141" lon="-109.60336"/>
      <trkpt lat="38.64097" lon="-109.60347"/>
      <trkpt lat="38.64075" lon="-109.60352"/>
      <trkpt lat="38.64063" lon="-109.60353"/>
      <trkpt lat="38.6405" lon="-109.60355"/>
      <trkpt lat="38.64028" lon="-109.60356"/>
      <trkpt lat="38.64013" lon="-109.60356"/>
      <trkpt lat="38.63999" lon="-109.60355"/>
      <trkpt lat="38.6399" lon="-109.60353"/>
      <trkpt lat="38.63977" lon="-109.60349"/>
      <trkpt lat="38.63963" lon="-109.60343"/>
      <trkpt lat="38.63947" lon="-109.60334"/>
      <trkpt lat="38.63935" lon="-109.60326"/>
      <trkpt lat="38.63925" lon="-109.60317"/>
      <trkpt lat="38.63917" lon="-109.60309"/>
      <trkpt lat="38.63907" lon="-109.60297"/>
      <trkpt lat="38.63898" lon="-109.60284"/>
      <trkpt lat="38.63888" lon="-109.60266"/>
      <trkpt lat="38.63884" lon="-109.6026"/>
      <trkpt lat="38.63877" lon="-109.60248"/>
      <trkpt lat="38.63863" lon="-109.60223"/>
      <trkpt lat="38.63862" lon="-109.6022"/>
      <trkpt lat="38.63851" lon="-109.60201"/>
      <trkpt lat="38.63848" lon="-109.60194"/>
      <trkpt lat="38.63837" lon="-109.60176"/>
      <trkpt lat="38.63826" lon="-109.60159"/>
      <trkpt lat="38.63815" lon="-109.60142"/>
      <trkpt lat="38.63801" lon="-109.60124"/>
      <trkpt lat="38.63786" lon="-109.60107"/>
      <trkpt lat="38.63773" lon="-109.60092"/>
      <trkpt lat="38.63761" lon="-109.60082"/>
      <trkpt lat="38.63752" lon="-109.60073"/>
      <trkpt lat="38.63752" lon="-109.60073"/>
      <trkpt lat="38.6375" lon="-109.60072"/>
      <trkpt lat="38.63744" lon="-109.60067"/>
      <trkpt lat="38.63737" lon="-109.60062"/>
      <trkpt lat="38.63727" lon="-109.60055"/>
      <trkpt lat="38.63716" lon="-109.60048"/>
      <trkpt lat="38.63668" lon="-109.60016"/>
      <trkpt lat="38.63651" lon="-109.60005"/>
      <trkpt lat="38.6365" lon="-109.60004"/>
      <trkpt lat="38.63647" lon="-109.60002"/>
      <trkpt lat="38.63611" lon="-109.59979"/>
      <trkpt lat="38.63568" lon="-109.59952"/>
      <trkpt lat="38.63496" lon="-109.59905"/>
      <trkpt lat="38.63435" lon="-109.59865"/>
      <trkpt lat="38.63423" lon="-109.59858"/>
      <trkpt lat="38.63375" lon="-109.59829"/>
      <trkpt lat="38.6335" lon="-109.59815"/>
      <trkpt lat="38.63314" lon="-109.59796"/>
      <trkpt lat="38.63293" lon="-109.59785"/>
      <trkpt lat="38.63257" lon="-109.59768"/>
      <trkpt lat="38.63218" lon="-109.59749"/>
      <trkpt lat="38.6321" lon="-109.59745"/>
      <trkpt lat="38.63184" lon="-109.59733"/>
      <trkpt lat="38.63182" lon="-109.59732"/>
      <trkpt lat="38.63172" lon="-109.59727"/>
      <trkpt lat="38.63141" lon="-109.59713"/>
      <trkpt lat="38.63115" lon="-109.597"/>
      <trkpt lat="38.63093" lon="-109.59689"/>
      <trkpt lat="38.63071" lon="-109.59678"/>
      <trkpt lat="38.63052" lon="-109.59664"/>
      <trkpt lat="38.63039" lon="-109.59652"/>
      <trkpt lat="38.63024" lon="-109.59636"/>
      <trkpt lat="38.6301" lon="-109.59618"/>
      <trkpt lat="38.62996" lon="-109.59594"/>
      <trkpt lat="38.62981" lon="-109.59564"/>
      <trkpt lat="38.62973" lon="-109.59542"/>
      <trkpt lat="38.62955" lon="-109.59494"/>
      <trkpt lat="38.62945" lon="-109.59471"/>
      <trkpt lat="38.62934" lon="-109.59451"/>
      <trkpt lat="38.62933" lon="-109.59448"/>
      <trkpt lat="38.62917" lon="-109.59427"/>
      <trkpt lat="38.62903" lon="-109.59411"/>
      <trkpt lat="38.62898" lon="-109.59406"/>
      <trkpt lat="38.62882" lon="-109.59388"/>
      <trkpt lat="38.62862" lon="-109.59369"/>
      <trkpt lat="38.62845" lon="-109.59353"/>
      <trkpt lat="38.62811" lon="-109.59325"/>
      <trkpt lat="38.62807" lon="-109.59323"/>
      <trkpt lat="38.62768" lon="-109.59294"/>
      <trkpt lat="38.62753" lon="-109.59284"/>
      <trkpt lat="38.62725" lon="-109.59266"/>
      <trkpt lat="38.627" lon="-109.59252"/>
      <trkpt lat="38.62678" lon="-109.59242"/>
      <trkpt lat="38.62662" lon="-109.59237"/>
      <trkpt lat="38.62647" lon="-109.59232"/>
      <trkpt lat="38.62636" lon="-109.59231"/>
      <trkpt lat="38.62626" lon="-109.5923"/>
      <trkpt lat="38.62617" lon="-109.5923"/>
      <trkpt lat="38.62604" lon="-109.59231"/>
      <trkpt lat="38.62592" lon="-109.59233"/>
      <trkpt lat="38.62581" lon="-109.59237"/>
      <trkpt lat="38.6257" lon="-109.5924"/>
      <trkpt lat="38.62554" lon="-109.59249"/>
      <trkpt lat="38.62544" lon="-109.59256"/>
      <trkpt lat="38.62534" lon="-109.59264"/>
      <trkpt lat="38.62525" lon="-109.59272"/>
      <trkpt lat="38.62512" lon="-109.59286"/>
      <trkpt lat="38.62503" lon="-109.59299"/>
      <trkpt lat="38.62496" lon="-109.5931"/>
      <trkpt lat="38.6249" lon="-109.59321"/>
      <trkpt lat="38.62481" lon="-109.59339"/>
      <trkpt lat="38.62473" lon="-109.59359"/>
      <trkpt lat="38.62467" lon="-109.59376"/>
      <trkpt lat="38.62447" lon="-109.59426"/>
      <trkpt lat="38.62428" lon="-109.59479"/>
      <trkpt lat="38.6241" lon="-109.59541"/>
      <trkpt lat="38.62405" lon="-109.59558"/>
      <trkpt lat="38.62401" lon="-109.5957"/>
      <trkpt lat="38.62387" lon="-109.5962"/>
      <trkpt lat="38.62381" lon="-109.59648"/>
      <trkpt lat="38.62378" lon="-109.59671"/>
      <trkpt lat="38.62377" lon="-109.59689"/>
      <trkpt lat="38.62377" lon="-109.59713"/>
      <trkpt lat="38.6238" lon="-109.59736"/>
      <trkpt lat="38.62385" lon="-109.59757"/>
      <trkpt lat="38.6239" lon="-109.59776"/>
      <trkpt lat="38.62397" lon="-109.59798"/>
      <trkpt lat="38.62407" lon="-109.59829"/>
      <trkpt lat="38.62412" lon="-109.59843"/>
      <trkpt lat="38.62416" lon="-109.59857"/>
      <trkpt lat="38.62419" lon="-109.59869"/>
      <trkpt lat="38.62421" lon="-109.5988"/>
      <trkpt lat="38.62421" lon="-109.59885"/>
      <trkpt lat="38.62422" lon="-109.59889"/>
      <trkpt lat="38.62423" lon="-109.599"/>
      <trkpt lat="38.62423" lon="-109.5991"/>
      <trkpt lat="38.62423" lon="-109.59922"/>
      <trkpt lat="38.62422" lon="-109.59932"/>
      <trkpt lat="38.6242" lon="-109.59947"/>
      <trkpt lat="38.62418" lon="-109.59963"/>
      <trkpt lat="38.62414" lon="-109.59976"/>
      <trkpt lat="38.62413" lon="-109.59982"/>
      <trkpt lat="38.62411" lon="-109.59987"/>
      <trkpt lat="38.62407" lon="-109.60002"/>
      <trkpt lat="38.62398" lon="-109.60021"/>
      <trkpt lat="38.62391" lon="-109.60034"/>
      <trkpt lat="38.62384" lon="-109.60045"/>
      <trkpt lat="38.62383" lon="-109.60046"/>
      <trkpt lat="38.62374" lon="-109.60058"/>
      <trkpt lat="38.62361" lon="-109.60071"/>
      <trkpt lat="38.62344" lon="-109.60088"/>
      <trkpt lat="38.62333" lon="-109.60094"/>
      <trkpt lat="38.62319" lon="-109.60102"/>
      <trkpt lat="38.62297" lon="-109.6011"/>
      <trkpt lat="38.62272" lon="-109.60116"/>
      <trkpt lat="38.62238" lon="-109.60123"/>
      <trkpt lat="38.62186" lon="-109.60133"/>
      <trkpt lat="38.62145" lon="-109.60142"/>
      <trkpt lat="38.62124" lon="-109.60146"/>
      <trkpt lat="38.62101" lon="-109.60151"/>
      <trkpt lat="38.62099" lon="-109.60152"/>
      <trkpt lat="38.62089" lon="-109.60155"/>
      <trkpt lat="38.62075" lon="-109.6016"/>
      <trkpt lat="38.62062" lon="-109.60168"/>
      <trkpt lat="38.62046" lon="-109.60178"/>
      <trkpt lat="38.62028" lon="-109.60195"/>
      <trkpt lat="38.62011" lon="-109.60217"/>
      <trkpt lat="38.62002" lon="-109.60229"/>
      <trkpt lat="38.61992" lon="-109.60249"/>
      <trkpt lat="38.61985" lon="-109.60268"/>
      <trkpt lat="38.6198" lon="-109.60286"/>
      <trkpt lat="38.61975" lon="-109.60309"/>
      <trkpt lat="38.61972" lon="-109.60333"/>
      <trkpt lat="38.61972" lon="-109.60351"/>
      <trkpt lat="38.61973" lon="-109.60374"/>
      <trkpt lat="38.61976" lon="-109.60395"/>
      <trkpt lat="38.61982" lon="-109.60423"/>
      <trkpt lat="38.61989" lon="-109.60448"/>
      <trkpt lat="38.61999" lon="-109.6048"/>
      <trkpt lat="38.62003" lon="-109.60495"/>
      <trkpt lat="38.62007" lon="-109.6051"/>
      <trkpt lat="38.62011" lon="-109.60527"/>
      <trkpt lat="38.62012" lon="-109.60542"/>
      <trkpt lat="38.62011" lon="-109.60557"/>
      <trkpt lat="38.62007" lon="-109.60571"/>
      <trkpt lat="38.62004" lon="-109.60581"/>
      <trkpt lat="38.61999" lon="-109.60592"/>
      <trkpt lat="38.6199" lon="-109.60604"/>
      <trkpt lat="38.61983" lon="-109.60612"/>
      <trkpt lat="38.61975" lon="-109.60617"/>
      <trkpt lat="38.61967" lon="-109.60622"/>
      <trkpt lat="38.61957" lon="-109.60625"/>
      <trkpt lat="38.61946" lon="-109.60626"/>
      <trkpt lat="38.61935" lon="-109.60624"/>
      <trkpt lat="38.61925" lon="-109.6062"/>
      <trkpt lat="38.61914" lon="-109.60614"/>
      <trkpt lat="38.61906" lon="-109.60607"/>
      <trkpt lat="38.61896" lon="-109.606"/>
      <trkpt lat="38.61854" lon="-109.60562"/>
      <trkpt lat="38.61845" lon="-109.60557"/>
      <trkpt lat="38.61839" lon="-109.60553"/>
      <trkpt lat="38.61828" lon="-109.60551"/>
      <trkpt lat="38.61819" lon="-109.60551"/>
      <trkpt lat="38.61811" lon="-109.60551"/>
      <trkpt lat="38.61804" lon="-109.60553"/>
      <trkpt lat="38.618" lon="-109.60555"/>
      <trkpt lat="38.61796" lon="-109.60556"/>
      <trkpt lat="38.61792" lon="-109.60558"/>
      <trkpt lat="38.61788" lon="-109.60562"/>
      <trkpt lat="38.61784" lon="-109.60565"/>
      <trkpt lat="38.61779" lon="-109.60569"/>
      <trkpt lat="38.61775" lon="-109.60574"/>
      <trkpt lat="38.61768" lon="-109.60583"/>
      <trkpt lat="38.61764" lon="-109.60595"/>
      <trkpt lat="38.6176" lon="-109.60607"/>
      <trkpt lat="38.61757" lon="-109.60625"/>
      <trkpt lat="38.61756" lon="-109.60649"/>
      <trkpt lat="38.61756" lon="-109.60672"/>
      <trkpt lat="38.61758" lon="-109.6072"/>
      <trkpt lat="38.61761" lon="-109.60799"/>
      <trkpt lat="38.61762" lon="-109.60837"/>
      <trkpt lat="38.61765" lon="-109.60872"/>
      <trkpt lat="38.61768" lon="-109.60898"/>
      <trkpt lat="38.61771" lon="-109.60919"/>
      <trkpt lat="38.61777" lon="-109.6095"/>
      <trkpt lat="38.61781" lon="-109.60968"/>
      <trkpt lat="38.61787" lon="-109.60991"/>
      <trkpt lat="38.61793" lon="-109.61013"/>
      <trkpt lat="38.61793" lon="-109.61015"/>
      <trkpt lat="38.618" lon="-109.61041"/>
      <trkpt lat="38.61809" lon="-109.61064"/>
      <trkpt lat="38.61822" lon="-109.61096"/>
      <trkpt lat="38.61828" lon="-109.61111"/>
      <trkpt lat="38.61843" lon="-109.61147"/>
      <trkpt lat="38.61853" lon="-109.61179"/>
      <trkpt lat="38.61861" lon="-109.61209"/>
      <trkpt lat="38.61867" lon="-109.61236"/>
      <trkpt lat="38.61876" lon="-109.61268"/>
      <trkpt lat="38.61884" lon="-109.61293"/>
      <trkpt lat="38.61896" lon="-109.61324"/>
      <trkpt lat="38.61911" lon="-109.61357"/>
      <trkpt lat="38.6193" lon="-109.614"/>
      <trkpt lat="38.61938" lon="-109.61417"/>
      <trkpt lat="38.61941" lon="-109.61426"/>
      <trkpt lat="38.61945" lon="-109.61438"/>
      <trkpt lat="38.6195" lon="-109.61453"/>
      <trkpt lat="38.61953" lon="-109.61469"/>
      <trkpt lat="38.61956" lon="-109.61486"/>
      <trkpt lat="38.61957" lon="-109.61499"/>
      <trkpt lat="38.61957" lon="-109.61511"/>
      <trkpt lat="38.61957" lon="-109.6153"/>
      <trkpt lat="38.61955" lon="-109.61548"/>
      <trkpt lat="38.61951" lon="-109.61565"/>
      <trkpt lat="38.61945" lon="-109.61592"/>
      <trkpt lat="38.61938" lon="-109.61621"/>
      <trkpt lat="38.61935" lon="-109.6164"/>
      <trkpt lat="38.61933" lon="-109.61652"/>
      <trkpt lat="38.61934" lon="-109.61665"/>
      <trkpt lat="38.61935" lon="-109.61678"/>
      <trkpt lat="38.61938" lon="-109.61694"/>
      <trkpt lat="38.61943" lon="-109.61708"/>
      <trkpt lat="38.61945" lon="-109.61719"/>
      <trkpt lat="38.61947" lon="-109.61729"/>
      <trkpt lat="38.61947" lon="-109.61737"/>
      <trkpt lat="38.61946" lon="-109.61741"/>
      <trkpt lat="38.61945" lon="-109.61747"/>
      <trkpt lat="38.61943" lon="-109.61751"/>
      <trkpt lat="38.61941" lon="-109.61754"/>
      <trkpt lat="38.61939" lon="-109.61757"/>
      <trkpt lat="38.61937" lon="-109.6176"/>
      <trkpt lat="38.61934" lon="-109.61762"/>
      <trkpt lat="38.61931" lon="-109.61765"/>
      <trkpt lat="38.61927" lon="-109.61766"/>
      <trkpt lat="38.61922" lon="-109.61767"/>
      <trkpt lat="38.61918" lon="-109.61767"/>
      <trkpt lat="38.61914" lon="-109.61765"/>
      <trkpt lat="38.6191" lon="-109.61763"/>
      <trkpt lat="38.61907" lon="-109.6176"/>
      <trkpt lat="38.61904" lon="-109.61755"/>
      <trkpt lat="38.61902" lon="-109.61752"/>
      <trkpt lat="38.619" lon="-109.61747"/>
      <trkpt lat="38.61899" lon="-109.61743"/>
      <trkpt lat="38.61898" lon="-109.61737"/>
      <trkpt lat="38.61899" lon="-109.61724"/>
      <trkpt lat="38.61905" lon="-109.61658"/>
      <trkpt lat="38.61911" lon="-109.61599"/>
      <trkpt lat="38.61913" lon="-109.6158"/>
      <trkpt lat="38.61913" lon="-109.61571"/>
      <trkpt lat="38.61912" lon="-109.61565"/>
      <trkpt lat="38.61911" lon="-109.61559"/>
      <trkpt lat="38.61909" lon="-109.61555"/>
      <trkpt lat="38.61907" lon="-109.61552"/>
      <trkpt lat="38.61905" lon="-109.61549"/>
      <trkpt lat="38.61901" lon="-109.61545"/>
      <trkpt lat="38.61897" lon="-109.61543"/>
      <trkpt lat="38.61893" lon="-109.61543"/>
      <trkpt lat="38.61888" lon="-109.61543"/>
      <trkpt lat="38.61885" lon="-109.61544"/>
      <trkpt lat="38.61879" lon="-109.61546"/>
      <trkpt lat="38.61874" lon="-109.6155"/>
      <trkpt lat="38.61871" lon="-109.61555"/>
      <trkpt lat="38.61868" lon="-109.61561"/>
      <trkpt lat="38.61867" lon="-109.61567"/>
      <trkpt lat="38.61866" lon="-109.61573"/>
      <trkpt lat="38.61867" lon="-109.61598"/>
      <trkpt lat="38.61869" lon="-109.61648"/>
      <trkpt lat="38.6187" lon="-109.61659"/>
      <trkpt lat="38.6187" lon="-109.61666"/>
      <trkpt lat="38.61869" lon="-109.61673"/>
      <trkpt lat="38.61867" lon="-109.61684"/>
      <trkpt lat="38.61863" lon="-109.61696"/>
      <trkpt lat="38.61857" lon="-109.6171"/>
      <trkpt lat="38.61852" lon="-109.61724"/>
      <trkpt lat="38.61846" lon="-109.61736"/>
      <trkpt lat="38.61839" lon="-109.61755"/>
      <trkpt lat="38.61837" lon="-109.61765"/>
      <trkpt lat="38.61836" lon="-109.61777"/>
      <trkpt lat="38.61836" lon="-109.61785"/>
      <trkpt lat="38.61836" lon="-109.61785"/>
      <trkpt lat="38.61837" lon="-109.61795"/>
      <trkpt lat="38.61843" lon="-109.61819"/>
      <trkpt lat="38.61846" lon="-109.61829"/>
      <trkpt lat="38.61849" lon="-109.61838"/>
      <trkpt lat="38.61855" lon="-109.61852"/>
      <trkpt lat="38.61868" lon="-109.6188"/>
      <trkpt lat="38.61872" lon="-109.61892"/>
      <trkpt lat="38.61875" lon="-109.61902"/>
      <trkpt lat="38.61877" lon="-109.61915"/>
      <trkpt lat="38.61877" lon="-109.61937"/>
      <trkpt lat="38.61875" lon="-109.61952"/>
      <trkpt lat="38.61872" lon="-109.61972"/>
      <trkpt lat="38.61865" lon="-109.61997"/>
      <trkpt lat="38.61857" lon="-109.6202"/>
      <trkpt lat="38.61847" lon="-109.62045"/>
      <trkpt lat="38.61837" lon="-109.62067"/>
      <trkpt lat="38.61824" lon="-109.6209"/>
      <trkpt lat="38.61812" lon="-109.62109"/>
      <trkpt lat="38.61804" lon="-109.62119"/>
      <trkpt lat="38.61791" lon="-109.62131"/>
      <trkpt lat="38.61773" lon="-109.62144"/>
      <trkpt lat="38.61744" lon="-109.62161"/>
      <trkpt lat="38.6172" lon="-109.62173"/>
      <trkpt lat="38.61686" lon="-109.62188"/>
      <trkpt lat="38.61672" lon="-109.62192"/>
      <trkpt lat="38.61656" lon="-109.62196"/>
      <trkpt lat="38.61634" lon="-109.622"/>
      <trkpt lat="38.6162" lon="-109.62201"/>
      <trkpt lat="38.61611" lon="-109.622"/>
      <trkpt lat="38.61602" lon="-109.62199"/>
      <trkpt lat="38.61593" lon="-109.62197"/>
      <trkpt lat="38.61585" lon="-109.62194"/>
      <trkpt lat="38.61576" lon="-109.62188"/>
      <trkpt lat="38.61568" lon="-109.62182"/>
      <trkpt lat="38.61561" lon="-109.62173"/>
      <trkpt lat="38.61556" lon="-109.62167"/>
      <trkpt lat="38.61552" lon="-109.62159"/>
      <trkpt lat="38.61549" lon="-109.62152"/>
      <trkpt lat="38.61546" lon="-109.62141"/>
      <trkpt lat="38.61544" lon="-109.62133"/>
      <trkpt lat="38.61544" lon="-109.62123"/>
      <trkpt lat="38.61544" lon="-109.62112"/>
      <trkpt lat="38.61545" lon="-109.62103"/>
      <trkpt lat="38.61547" lon="-109.62093"/>
      <trkpt lat="38.6155" lon="-109.62083"/>
      <trkpt lat="38.61553" lon="-109.62076"/>
      <trkpt lat="38.61572" lon="-109.62033"/>
      <trkpt lat="38.61582" lon="-109.62011"/>
      <trkpt lat="38.61589" lon="-109.61996"/>
      <trkpt lat="38.61596" lon="-109.6198"/>
      <trkpt lat="38.61608" lon="-109.6195"/>
      <trkpt lat="38.61617" lon="-109.61926"/>
      <trkpt lat="38.61625" lon="-109.61906"/>
      <trkpt lat="38.61635" lon="-109.61876"/>
      <trkpt lat="38.61635" lon="-109.61874"/>
      <trkpt lat="38.61641" lon="-109.61853"/>
      <trkpt lat="38.61644" lon="-109.61838"/>
      <trkpt lat="38.61646" lon="-109.61826"/>
      <trkpt lat="38.61647" lon="-109.61822"/>
      <trkpt lat="38.61649" lon="-109.61808"/>
      <trkpt lat="38.61652" lon="-109.61789"/>
      <trkpt lat="38.61651" lon="-109.61768"/>
      <trkpt lat="38.6165" lon="-109.6176"/>
      <trkpt lat="38.61649" lon="-109.61754"/>
      <trkpt lat="38.61647" lon="-109.61749"/>
      <trkpt lat="38.61645" lon="-109.61746"/>
      <trkpt lat="38.61643" lon="-109.61743"/>
      <trkpt lat="38.61641" lon="-109.61739"/>
      <trkpt lat="38.61641" lon="-109.61735"/>
      <trkpt lat="38.61641" lon="-109.61732"/>
      <trkpt lat="38.61642" lon="-109.61728"/>
      <trkpt lat="38.61644" lon="-109.61725"/>
      <trkpt lat="38.61646" lon="-109.61722"/>
      <trkpt lat="38.6165" lon="-109.61713"/>
      <trkpt lat="38.61651" lon="-109.61708"/>
      <trkpt lat="38.61652" lon="-109.61704"/>
      <trkpt lat="38.61652" lon="-109.61697"/>
      <trkpt lat="38.61648" lon="-109.61658"/>
      <trkpt lat="38.61647" lon="-109.61651"/>
      <trkpt lat="38.61647" lon="-109.61644"/>
      <trkpt lat="38.61647" lon="-109.6164"/>
      <trkpt lat="38.61647" lon="-109.61589"/>
      <trkpt lat="38.61647" lon="-109.61577"/>
      <trkpt lat="38.61646" lon="-109.61569"/>
      <trkpt lat="38.61645" lon="-109.61561"/>
      <trkpt lat="38.61642" lon="-109.61552"/>
      <trkpt lat="38.6164" lon="-109.61545"/>
      <trkpt lat="38.61614" lon="-109.6147"/>
      <trkpt lat="38.61603" lon="-109.61447"/>
      <trkpt lat="38.61575" lon="-109.61394"/>
      <trkpt lat="38.61574" lon="-109.61391"/>
      <trkpt lat="38.61533" lon="-109.61317"/>
      <trkpt lat="38.61497" lon="-109.61247"/>
      <trkpt lat="38.61475" lon="-109.61209"/>
      <trkpt lat="38.61431" lon="-109.61151"/>
      <trkpt lat="38.61382" lon="-109.61091"/>
      <trkpt lat="38.61358" lon="-109.61059"/>
      <trkpt lat="38.61336" lon="-109.61031"/>
      <trkpt lat="38.61243" lon="-109.60912"/>
      <trkpt lat="38.61233" lon="-109.60896"/>
      <trkpt lat="38.61223" lon="-109.60872"/>
      <trkpt lat="38.61199" lon="-109.60815"/>
      <trkpt lat="38.61195" lon="-109.60808"/>
      <trkpt lat="38.61194" lon="-109.60803"/>
      <trkpt lat="38.61191" lon="-109.60798"/>
      <trkpt lat="38.61187" lon="-109.60793"/>
      <trkpt lat="38.61183" lon="-109.60788"/>
      <trkpt lat="38.61178" lon="-109.60785"/>
      <trkpt lat="38.61173" lon="-109.60782"/>
      <trkpt lat="38.61167" lon="-109.6078"/>
      <trkpt lat="38.6116" lon="-109.60778"/>
      <trkpt lat="38.61153" lon="-109.60778"/>
      <trkpt lat="38.61144" lon="-109.60779"/>
      <trkpt lat="38.61137" lon="-109.60782"/>
      <trkpt lat="38.61132" lon="-109.60784"/>
      <trkpt lat="38.61128" lon="-109.60788"/>
      <trkpt lat="38.61125" lon="-109.6079"/>
      <trkpt lat="38.61122" lon="-109.60793"/>
      <trkpt lat="38.61106" lon="-109.60811"/>
      <trkpt lat="38.61101" lon="-109.60818"/>
      <trkpt lat="38.61089" lon="-109.60803"/>
      <trkpt lat="38.61081" lon="-109.60793"/>
      <trkpt lat="38.61074" lon="-109.6079"/>
      <trkpt lat="38.61073" lon="-109.60789"/>
      <trkpt lat="38.61039" lon="-109.60747"/>
      <trkpt lat="38.61038" lon="-109.60746"/>
      <trkpt lat="38.61023" lon="-109.60727"/>
      <trkpt lat="38.60996" lon="-109.60694"/>
      <trkpt lat="38.6094" lon="-109.60625"/>
      <trkpt lat="38.60909" lon="-109.60587"/>
      <trkpt lat="38.60905" lon="-109.60582"/>
      <trkpt lat="38.6084" lon="-109.60507"/>
      <trkpt lat="38.60819" lon="-109.60481"/>
      <trkpt lat="38.60785" lon="-109.60443"/>
      <trkpt lat="38.60754" lon="-109.60404"/>
      <trkpt lat="38.60703" lon="-109.60339"/>
      <trkpt lat="38.60662" lon="-109.60287"/>
      <trkpt lat="38.60637" lon="-109.60251"/>
      <trkpt lat="38.60616" lon="-109.60216"/>
      <trkpt lat="38.6059" lon="-109.60167"/>
      <trkpt lat="38.60577" lon="-109.60139"/>
      <trkpt lat="38.60567" lon="-109.60113"/>
      <trkpt lat="38.60557" lon="-109.6009"/>
      <trkpt lat="38.60548" lon="-109.60063"/>
      <trkpt lat="38.6054" lon="-109.60041"/>
      <trkpt lat="38.60531" lon="-109.60005"/>
      <trkpt lat="38.60523" lon="-109.59974"/>
      <trkpt lat="38.60517" lon="-109.59946"/>
      <trkpt lat="38.60511" lon="-109.59918"/>
      <trkpt lat="38.60506" lon="-109.59878"/>
      <trkpt lat="38.60503" lon="-109.59839"/>
      <trkpt lat="38.60501" lon="-109.59805"/>
      <trkpt lat="38.605" lon="-109.59775"/>
      <trkpt lat="38.605" lon="-109.59741"/>
      <trkpt lat="38.60501" lon="-109.59712"/>
      <trkpt lat="38.60502" lon="-109.59681"/>
      <trkpt lat="38.60507" lon="-109.59637"/>
      <trkpt lat="38.60523" lon="-109.59541"/>
      <trkpt lat="38.60537" lon="-109.59441"/>
      <trkpt lat="38.60555" lon="-109.59326"/>
      <trkpt lat="38.6058" lon="-109.5916"/>
      <trkpt lat="38.60588" lon="-109.59101"/>
      <trkpt lat="38.60596" lon="-109.59038"/>
      <trkpt lat="38.60612" lon="-109.58935"/>
      <trkpt lat="38.60623" lon="-109.58869"/>
      <trkpt lat="38.60633" lon="-109.58805"/>
      <trkpt lat="38.60636" lon="-109.58787"/>
      <trkpt lat="38.60642" lon="-109.58748"/>
      <trkpt lat="38.60647" lon="-109.58708"/>
      <trkpt lat="38.60649" lon="-109.58688"/>
      <trkpt lat="38.60652" lon="-109.58665"/>
      <trkpt lat="38.60654" lon="-109.58644"/>
      <trkpt lat="38.60658" lon="-109.58584"/>
      <trkpt lat="38.6066" lon="-109.5852"/>
      <trkpt lat="38.60661" lon="-109.5848"/>
      <trkpt lat="38.60662" lon="-109.58438"/>
      <trkpt lat="38.60663" lon="-109.58409"/>
      <trkpt lat="38.60666" lon="-109.58328"/>
      <trkpt lat="38.60667" lon="-109.58269"/>
      <trkpt lat="38.60667" lon="-109.58245"/>
      <trkpt lat="38.60667" lon="-109.58219"/>
      <trkpt lat="38.60666" lon="-109.58198"/>
      <trkpt lat="38.60662" lon="-109.58171"/>
      <trkpt lat="38.60658" lon="-109.5815"/>
      <trkpt lat="38.6065" lon="-109.58121"/>
      <trkpt lat="38.60641" lon="-109.58098"/>
      <trkpt lat="38.60628" lon="-109.58064"/>
      <trkpt lat="38.60613" lon="-109.58033"/>
      <trkpt lat="38.60593" lon="-109.58003"/>
      <trkpt lat="38.60584" lon="-109.57998"/>
      <trkpt lat="38.60564" lon="-109.57982"/>
      <trkpt lat="38.6051" lon="-109.57927"/>
      <trkpt lat="38.60271" lon="-109.57695"/>
      <trkpt lat="38.6022" lon="-109.57647"/>
      <trkpt lat="38.60212" lon="-109.57633"/>
      <trkpt lat="38.60175" lon="-109.57596"/>
      <trkpt lat="38.60157" lon="-109.57578"/>
      <trkpt lat="38.60104" lon="-109.5753"/>
      <trkpt lat="38.60096" lon="-109.57522"/>
      <trkpt lat="38.60093" lon="-109.57519"/>
      <trkpt lat="38.60086" lon="-109.57511"/>
      <trkpt lat="38.60035" lon="-109.57458"/>
      <trkpt lat="38.60012" lon="-109.57437"/>
      <trkpt lat="38.59973" lon="-109.574"/>
      <trkpt lat="38.59911" lon="-109.57341"/>
      <trkpt lat="38.59879" lon="-109.57311"/>
      <trkpt lat="38.59878" lon="-109.5731"/>
      <trkpt lat="38.59854" lon="-109.57287"/>
      <trkpt lat="38.59829" lon="-109.57263"/>
      <trkpt lat="38.59803" lon="-109.57234"/>
      <trkpt lat="38.59777" lon="-109.57203"/>
      <trkpt lat="38.59757" lon="-109.57177"/>
      <trkpt lat="38.59626" lon="-109.5699"/>
      <trkpt lat="38.59539" lon="-109.56867"/>
      <trkpt lat="38.59532" lon="-109.56856"/>
      <trkpt lat="38.59426" lon="-109.56707"/>
      <trkpt lat="38.59409" lon="-109.56682"/>
      <trkpt lat="38.59341" lon="-109.56586"/>
      <trkpt lat="38.59295" lon="-109.5652"/>
      <trkpt lat="38.59273" lon="-109.5649"/>
      <trkpt lat="38.59241" lon="-109.5645"/>
      <trkpt lat="38.59225" lon="-109.56433"/>
      <trkpt lat="38.59199" lon="-109.56405"/>
      <trkpt lat="38.59112" lon="-109.5632"/>
      <trkpt lat="38.59073" lon="-109.56283"/>
      <trkpt lat="38.59069" lon="-109.5628"/>
      <trkpt lat="38.59038" lon="-109.56252"/>
      <trkpt lat="38.5903" lon="-109.56245"/>
      <trkpt lat="38.59008" lon="-109.56224"/>
      <trkpt lat="38.58986" lon="-109.56202"/>
      <trkpt lat="38.58962" lon="-109.5618"/>
      <trkpt lat="38.58908" lon="-109.56117"/>
      <trkpt lat="38.58898" lon="-109.56106"/>
      <trkpt lat="38.58877" lon="-109.56079"/>
      <trkpt lat="38.58867" lon="-109.56067"/>
      <trkpt lat="38.58848" lon="-109.56043"/>
      <trkpt lat="38.58836" lon="-109.56028"/>
      <trkpt lat="38.58821" lon="-109.5601"/>
      <trkpt lat="38.58784" lon="-109.55963"/>
      <trkpt lat="38.58772" lon="-109.55948"/>
      <trkpt lat="38.58726" lon="-109.55891"/>
      <trkpt lat="38.58718" lon="-109.55881"/>
      <trkpt lat="38.58704" lon="-109.55864"/>
      <trkpt lat="38.58703" lon="-109.55862"/>
      <trkpt lat="38.58584" lon="-109.55714"/>
      <trkpt lat="38.58441" lon="-109.55534"/>
      <trkpt lat="38.58405" lon="-109.55488"/>
      <trkpt lat="38.58367" lon="-109.55442"/>
      <trkpt lat="38.58299" lon="-109.55358"/>
      <trkpt lat="38.5829" lon="-109.55347"/>
      <trkpt lat="38.58282" lon="-109.55337"/>
      <trkpt lat="38.58282" lon="-109.55337"/>
      <trkpt lat="38.58252" lon="-109.553"/>
      <trkpt lat="38.58252" lon="-109.553"/>
      <trkpt lat="38.58251" lon="-109.55299"/>
      <trkpt lat="38.58242" lon="-109.55288"/>
      <trkpt lat="38.58237" lon="-109.55282"/>
      <trkpt lat="38.58221" lon="-109.55264"/>
      <trkpt lat="38.58219" lon="-109.55262"/>
      <trkpt lat="38.58219" lon="-109.55262"/>
      <trkpt lat="38.58204" lon="-109.55246"/>
      <trkpt lat="38.58186" lon="-109.55229"/>
      <trkpt lat="38.58175" lon="-109.55218"/>
      <trkpt lat="38.58163" lon="-109.55208"/>
      <trkpt lat="38.58138" lon="-109.55188"/>
      <trkpt lat="38.58118" lon="-109.55174"/>
      <trkpt lat="38.58099" lon="-109.5516"/>
      <trkpt lat="38.58079" lon="-109.55148"/>
      <trkpt lat="38.58058" lon="-109.55137"/>
      <trkpt lat="38.58057" lon="-109.55136"/>
      <trkpt lat="38.58039" lon="-109.55127"/>
      <trkpt lat="38.5803" lon="-109.55122"/>
      <trkpt lat="38.5802" lon="-109.55118"/>
      <trkpt lat="38.58014" lon="-109.55115"/>
      <trkpt lat="38.58002" lon="-109.5511"/>
      <trkpt lat="38.57984" lon="-109.55103"/>
      <trkpt lat="38.57965" lon="-109.55097"/>
      <trkpt lat="38.57963" lon="-109.55096"/>
      <trkpt lat="38.57947" lon="-109.55092"/>
      <trkpt lat="38.57927" lon="-109.55087"/>
      <trkpt lat="38.57905" lon="-109.55082"/>
      <trkpt lat="38.57889" lon="-109.55079"/>
      <trkpt lat="38.57882" lon="-109.55078"/>
      <trkpt lat="38.57859" lon="-109.55076"/>
      <trkpt lat="38.57836" lon="-109.55074"/>
      <trkpt lat="38.57813" lon="-109.55073"/>
      <trkpt lat="38.57776" lon="-109.55074"/>
      <trkpt lat="38.57731" lon="-109.55074"/>
      <trkpt lat="38.57699" lon="-109.55074"/>
      <trkpt lat="38.57681" lon="-109.55074"/>
      <trkpt lat="38.57677" lon="-109.55074"/>
      <trkpt lat="38.57647" lon="-109.55075"/>
      <trkpt lat="38.57638" lon="-109.55075"/>
      <trkpt lat="38.57626" lon="-109.55075"/>
      <trkpt lat="38.57616" lon="-109.55075"/>
      <trkpt lat="38.57598" lon="-109.55075"/>
      <trkpt lat="38.57524" lon="-109.55076"/>
      <trkpt lat="38.57494" lon="-109.55077"/>
      <trkpt lat="38.57482" lon="-109.55077"/>
      <trkpt lat="38.57472" lon="-109.55077"/>
      <trkpt lat="38.57443" lon="-109.55077"/>
      <trkpt lat="38.5737" lon="-109.55078"/>
      <trkpt lat="38.57341" lon="-109.55079"/>
      <trkpt lat="38.57327" lon="-109.55079"/>
    </trkseg>
  </trk>
</gpx>
